url,original_url,registrable_domain,source,source_category,binary_label,scam_category,original_label,submitted_url,normalized_url,live_status,behavioural_eligible,hybrid_eligible,status_code,final_url,content_type,downloaded_bytes,redirect_count,html_available,error_type,error_message,audit_timestamp
https://www.dortex.se/,https://www.dortex.se,dortex.se,mendeley,online_shopping,0,legitimate,legitimate,https://www.dortex.se/,https://www.dortex.se/,accessible,1,1,200.0,https://www.dortex.se/,text/html,81036,0,1,,,2026-09-04T05:00:40.996207+00:00
https://www.juvelyrikosnamai.lt/,https://www.juvelyrikosnamai.lt,juvelyrikosnamai.lt,mendeley,online_shopping,0,legitimate,legitimate,https://www.juvelyrikosnamai.lt/,https://www.juvelyrikosnamai.lt/,accessible,1,1,200.0,https://www.juvelyrikosnamai.lt/,text/html,149213,0,1,,,2026-09-04T05:01:12.633593+00:00
https://www.lemonbaysoap.com/,https://www.lemonbaysoap.com/,lemonbaysoap.com,scamferret,online_shopping,0,legitimate,legitimate,https://www.lemonbaysoap.com/,https://www.lemonbaysoap.com/,accessible,1,1,200.0,https://lemonbaysoap.com/,text/html,7966,1,1,,,2026-09-04T05:01:29.244704+00:00
https://www.palladiumequity.com/,https://www.palladiumequity.com/,palladiumequity.com,scamferret,investment,0,legitimate,legitimate,https://www.palladiumequity.com/,https://www.palladiumequity.com/,accessible,1,1,200.0,https://www.palladiumequity.com/,text/html,44275,0,1,,,2026-09-04T05:01:50.247930+00:00
https://www.alignsolutions.com.au/,https://www.alignsolutions.com.au/,alignsolutions.com.au,scamferret,technical_support,0,legitimate,legitimate,https://www.alignsolutions.com.au/,https://www.alignsolutions.com.au/,accessible,1,1,200.0,https://www.alignsolutions.com.au/,text/html,98840,0,1,,,2026-09-04T05:12:15.396594+00:00
https://www.mcintoshassociates.com/,https://www.mcintoshassociates.com/,mcintoshassociates.com,scamferret,technical_support,0,legitimate,legitimate,https://www.mcintoshassociates.com/,https://www.mcintoshassociates.com/,accessible,1,1,200.0,https://www.mcintoshassociates.com/,text/html,156310,0,1,,,2026-09-04T05:12:31.015410+00:00
https://www.landzdown.com/,https://www.landzdown.com/,landzdown.com,scamferret,technical_support,0,legitimate,legitimate,https://www.landzdown.com/,https://www.landzdown.com/,accessible,1,1,200.0,https://fairgologin.app/,text/html,466822,1,1,,,2026-09-04T05:12:50.398463+00:00
https://www.commissarybbq.com/,https://www.commissarybbq.com/,commissarybbq.com,scamferret,online_shopping,0,legitimate,legitimate,https://www.commissarybbq.com/,https://www.commissarybbq.com/,accessible,1,1,200.0,https://www.commissarybbq.com/,text/html,34978,0,1,,,2026-09-04T05:13:02.522972+00:00
https://maryland529.com/,https://maryland529.com/,maryland529.com,scamferret,investment,0,legitimate,legitimate,https://maryland529.com/,https://maryland529.com/,accessible,1,1,200.0,https://maryland529.com/,text/html,54867,0,1,,,2026-09-04T05:13:48.349479+00:00
https://riccardomarcora.com/,https://riccardomarcora.com/,riccardomarcora.com,scamferret,cryptocurrency,0,legitimate,legitimate,https://riccardomarcora.com/,https://riccardomarcora.com/,accessible,1,1,200.0,https://riccardomarcora.com/,text/html,90883,0,1,,,2026-09-04T05:14:08.594194+00:00
https://www.berkeleycap.com/,https://www.berkeleycap.com/,berkeleycap.com,scamferret,investment,0,legitimate,legitimate,https://www.berkeleycap.com/,https://www.berkeleycap.com/,accessible,1,1,200.0,https://www.berkeleycap.com/,text/html,206116,0,1,,,2026-09-04T05:14:45.627418+00:00
https://www.ulismotorradladen.de/startseite.aspx,https://www.ulismotorradladen.de/startseite.aspx,ulismotorradladen.de,scamferret,technical_support,0,legitimate,legitimate,https://www.ulismotorradladen.de/startseite.aspx,https://www.ulismotorradladen.de/startseite.aspx,accessible,1,1,200.0,https://www.ulismotorradladen.de/startseite.aspx,text/html,173196,0,1,,,2026-09-04T05:14:59.405479+00:00
https://www.fuerstenberg-porzellan.com/,https://www.fuerstenberg-porzellan.com,fuerstenberg-porzellan.com,mendeley,online_shopping,0,legitimate,legitimate,https://www.fuerstenberg-porzellan.com/,https://www.fuerstenberg-porzellan.com/,accessible,1,1,200.0,https://www.fuerstenberg-porzellan.com/,text/html,1886927,0,1,,,2026-09-04T05:15:16.134817+00:00
https://dakiheaven.eu/,https://dakiheaven.eu,dakiheaven.eu,mendeley,online_shopping,0,legitimate,legitimate,https://dakiheaven.eu/,https://dakiheaven.eu/,accessible,1,1,200.0,https://www.dakiheaven.com/,text/html,265013,2,1,,,2026-09-04T05:15:42.055857+00:00
https://www.brushwithbamboo.com/,https://www.brushwithbamboo.com/,brushwithbamboo.com,scamferret,online_shopping,0,legitimate,legitimate,https://www.brushwithbamboo.com/,https://www.brushwithbamboo.com/,accessible,1,1,200.0,https://www.brushwithbamboo.com/,text/html,237585,0,1,,,2026-09-04T05:16:01.407233+00:00
https://www.rtmcomposites.com/,https://www.rtmcomposites.com/,rtmcomposites.com,scamferret,technical_support,0,legitimate,legitimate,https://www.rtmcomposites.com/,https://www.rtmcomposites.com/,accessible,1,1,206.0,https://www.rtmcomposites.com/,text/html,52899,0,1,,,2026-09-04T05:16:20.033624+00:00
https://www.obrienswine.ie/,https://www.obrienswine.ie,obrienswine.ie,mendeley,online_shopping,0,legitimate,legitimate,https://www.obrienswine.ie/,https://www.obrienswine.ie/,accessible,1,1,200.0,https://www.obrienswine.ie/,text/html,705058,0,1,,,2026-09-04T05:16:46.106180+00:00
https://www.mentoradvisers.com/,https://www.mentoradvisers.com/,mentoradvisers.com,scamferret,investment,0,legitimate,legitimate,https://www.mentoradvisers.com/,https://www.mentoradvisers.com/,accessible,1,1,200.0,https://www.mentoradvisers.com/,text/html,98270,0,1,,,2026-09-04T05:17:28.736645+00:00
https://gilmara.lt/,https://gilmara.lt,gilmara.lt,mendeley,online_shopping,0,legitimate,legitimate,https://gilmara.lt/,https://gilmara.lt/,accessible,1,1,200.0,https://gilmara.lt/,text/html,101031,0,1,,,2026-09-04T05:18:28.814512+00:00
https://www.masaltos.com/es,https://www.masaltos.com/es,masaltos.com,mendeley,online_shopping,0,legitimate,legitimate,https://www.masaltos.com/es,https://www.masaltos.com/es,accessible,1,1,200.0,https://www.masaltos.com/es/,text/html,359954,1,1,,,2026-09-04T05:18:51.005020+00:00
https://egg.fi/,https://egg.fi/,egg.fi,scamferret,cryptocurrency,0,legitimate,legitimate,https://egg.fi/,https://egg.fi/,accessible,1,1,200.0,https://egg.fi/web/login,text/html,24800,1,1,,,2026-09-04T05:18:59.037937+00:00
https://www.mccabespharmacy.com/,https://www.mccabespharmacy.com,mccabespharmacy.com,mendeley,online_shopping,0,legitimate,legitimate,https://www.mccabespharmacy.com/,https://www.mccabespharmacy.com/,accessible,1,1,200.0,https://www.mccabespharmacy.com/,text/html,359268,0,1,,,2026-09-04T05:19:12.246106+00:00
https://www.jdsports.co.uk/,https://www.jdsports.co.uk,jdsports.co.uk,mendeley,online_shopping,0,legitimate,legitimate,https://www.jdsports.co.uk/,https://www.jdsports.co.uk/,accessible,1,1,200.0,https://www.jdsports.co.uk/,text/html,1340197,0,1,,,2026-09-04T05:19:26.096908+00:00
https://kubilas.lt/,https://kubilas.lt,kubilas.lt,mendeley,online_shopping,0,legitimate,legitimate,https://kubilas.lt/,https://kubilas.lt/,accessible,1,1,200.0,https://kubilas.lt/,text/html,150698,0,1,,,2026-09-04T05:19:35.221749+00:00
https://customerfx.com/,https://customerfx.com/,customerfx.com,scamferret,technical_support,0,legitimate,legitimate,https://customerfx.com/,https://customerfx.com/,accessible,1,1,200.0,https://customerfx.com/,text/html,432967,0,1,,,2026-09-04T05:20:51.029428+00:00
https://www.datawest.com/,https://www.datawest.com/,datawest.com,scamferret,technical_support,0,legitimate,legitimate,https://www.datawest.com/,https://www.datawest.com/,accessible,1,1,200.0,https://www.datawest.com/,text/html,430734,0,1,,,2026-09-04T05:21:02.087228+00:00
https://www.cosmic.org.uk/,https://www.cosmic.org.uk/,cosmic.org.uk,scamferret,technical_support,0,legitimate,legitimate,https://www.cosmic.org.uk/,https://www.cosmic.org.uk/,accessible,1,1,200.0,https://www.cosmic.org.uk/,text/html,255767,0,1,,,2026-09-04T05:21:12.241843+00:00
https://www.bestbuyautoequipment.com/Default.asp,https://www.bestbuyautoequipment.com/Default.asp,bestbuyautoequipment.com,scamferret,online_shopping,0,legitimate,legitimate,https://www.bestbuyautoequipment.com/Default.asp,https://www.bestbuyautoequipment.com/Default.asp,accessible,1,1,200.0,https://www.bestbuyautoequipment.com/contact-us/,text/html,713020,1,1,,,2026-09-04T05:21:58.559256+00:00
https://www.bright-kitchen.com/,https://www.bright-kitchen.com,bright-kitchen.com,mendeley,online_shopping,0,legitimate,legitimate,https://www.bright-kitchen.com/,https://www.bright-kitchen.com/,accessible,1,1,200.0,https://www.bright-kitchen.com/,text/html,591059,0,1,,,2026-09-04T05:22:21.051102+00:00
https://centerforbiotechnology.org/,https://centerforbiotechnology.org/,centerforbiotechnology.org,scamferret,investment,0,legitimate,legitimate,https://centerforbiotechnology.org/,https://centerforbiotechnology.org/,accessible,1,1,200.0,https://centerforbiotechnology.org/,text/html,61595,0,1,,,2026-09-04T05:22:32.321540+00:00
https://www.powerlifeandpensions.com/,https://www.powerlifeandpensions.com/,powerlifeandpensions.com,scamferret,investment,0,legitimate,legitimate,https://www.powerlifeandpensions.com/,https://www.powerlifeandpensions.com/,accessible,1,1,200.0,https://www.powerlifeandpensions.com/,text/html,52745,0,1,,,2026-09-04T05:22:41.506137+00:00
https://www.xors.com/,https://www.xors.com/,xors.com,scamferret,technical_support,0,legitimate,legitimate,https://www.xors.com/,https://www.xors.com/,accessible,1,1,200.0,https://www.xors.com/,text/html,17036,0,1,,,2026-09-04T05:26:30.969794+00:00
https://www.ekokolekcija.lt/,https://www.ekokolekcija.lt,ekokolekcija.lt,mendeley,online_shopping,0,legitimate,legitimate,https://www.ekokolekcija.lt/,https://www.ekokolekcija.lt/,accessible,1,1,200.0,https://www.ekokolekcija.lt/,text/html,90177,0,1,,,2026-09-04T05:26:59.475757+00:00
https://naturasanat.com/en,https://naturasanat.com/en,naturasanat.com,mendeley,online_shopping,0,legitimate,legitimate,https://naturasanat.com/en,https://naturasanat.com/en,accessible,1,1,200.0,https://naturasanat.com/en/,text/html,101356,1,1,,,2026-09-04T05:27:09.306044+00:00
https://www.midwestvolleyball.com/store/store.php,https://www.midwestvolleyball.com/store/store.php,midwestvolleyball.com,scamferret,online_shopping,0,legitimate,legitimate,https://www.midwestvolleyball.com/store/store.php,https://www.midwestvolleyball.com/store/store.php,accessible,1,1,200.0,https://www.midwestvolleyball.com/store/store.php,text/html,57168,0,1,,,2026-09-04T05:27:17.883396+00:00
https://www.livingroomofsatoshi.com/,https://www.livingroomofsatoshi.com/,livingroomofsatoshi.com,scamferret,cryptocurrency,0,legitimate,legitimate,https://www.livingroomofsatoshi.com/,https://www.livingroomofsatoshi.com/,accessible,1,1,200.0,https://www.livingroomofsatoshi.com/,text/html,53654,0,1,,,2026-09-04T05:27:40.330894+00:00
https://capitalist.net/,https://capitalist.net/,capitalist.net,scamferret,cryptocurrency,0,legitimate,legitimate,https://capitalist.net/,https://capitalist.net/,accessible,1,1,200.0,https://capitalist.net/,text/html,512768,0,1,,,2026-09-04T05:27:58.983496+00:00
https://cryogel.com/,https://cryogel.com/,cryogel.com,scamferret,technical_support,0,legitimate,legitimate,https://cryogel.com/,https://cryogel.com/,accessible,1,1,200.0,https://cryogel.com/,text/html,47061,0,1,,,2026-09-04T05:28:07.215474+00:00
https://www.dealshop.lt/,https://www.dealshop.lt,dealshop.lt,mendeley,online_shopping,0,legitimate,legitimate,https://www.dealshop.lt/,https://www.dealshop.lt/,accessible,1,1,200.0,https://www.odinesrankines.lt/,text/html,172918,1,1,,,2026-09-04T05:28:31.500836+00:00
https://www.pullupcase.com/e,https://www.pullupcase.com/e,pullupcase.com,mendeley,online_shopping,0,legitimate,legitimate,https://www.pullupcase.com/e,https://www.pullupcase.com/e,accessible,1,1,200.0,https://www.pullupcase.com/,text/html,421510,1,1,,,2026-09-04T05:28:44.221908+00:00
https://www.tamscar-audio.es/,https://www.tamscar-audio.es,tamscar-audio.es,mendeley,online_shopping,0,legitimate,legitimate,https://www.tamscar-audio.es/,https://www.tamscar-audio.es/,accessible,1,1,200.0,https://www.tamscar-audio.es/,text/html,1775376,0,1,,,2026-09-04T05:28:55.052516+00:00
https://www.tjslasers.com/,https://www.tjslasers.com/,tjslasers.com,scamferret,technical_support,0,legitimate,legitimate,https://www.tjslasers.com/,https://www.tjslasers.com/,accessible,1,1,200.0,https://www.tjslasers.com/,text/html,153168,0,1,,,2026-09-04T05:29:12.069282+00:00
https://anny.trade/,https://anny.trade/,anny.trade,scamferret,cryptocurrency,0,legitimate,legitimate,https://anny.trade/,https://anny.trade/,accessible,1,1,200.0,https://anny.trade/,text/html,325683,0,1,,,2026-09-04T05:29:27.398322+00:00
https://zcrmhelp.com/,https://zcrmhelp.com/,zcrmhelp.com,scamferret,technical_support,0,legitimate,legitimate,https://zcrmhelp.com/,https://zcrmhelp.com/,accessible,1,1,200.0,https://zcrmhelp.com/,text/html,160428,0,1,,,2026-09-04T05:29:54.159718+00:00
https://xantrex.com/,https://xantrex.com/,xantrex.com,scamferret,technical_support,0,legitimate,legitimate,https://xantrex.com/,https://xantrex.com/,accessible,1,1,200.0,https://xantrex.com/,text/html,177772,0,1,,,2026-09-04T05:30:05.924852+00:00
https://www.nonstopparty.co.uk/,https://www.nonstopparty.co.uk/,nonstopparty.co.uk,scamferret,online_shopping,0,legitimate,legitimate,https://www.nonstopparty.co.uk/,https://www.nonstopparty.co.uk/,accessible,1,1,200.0,https://www.nonstopparty.co.uk/,text/html,196789,0,1,,,2026-09-04T05:30:45.812295+00:00
https://sacryptominers.com/,https://sacryptominers.com/,sacryptominers.com,scamferret,cryptocurrency,0,legitimate,legitimate,https://sacryptominers.com/,https://sacryptominers.com/,accessible,1,1,200.0,https://sacryptominers.com/,text/html,491310,0,1,,,2026-09-04T05:30:58.739888+00:00
https://cryptoflare.cc/,https://cryptoflare.cc/,cryptoflare.cc,scamferret,cryptocurrency,0,legitimate,legitimate,https://cryptoflare.cc/,https://cryptoflare.cc/,accessible,1,1,200.0,https://cryptoflare.cc/,text/html,530,0,1,,,2026-09-04T05:31:16.342925+00:00
https://www.designcabinet.biz/,https://www.designcabinet.biz,designcabinet.biz,mendeley,online_shopping,0,legitimate,legitimate,https://www.designcabinet.biz/,https://www.designcabinet.biz/,accessible,1,1,200.0,https://www.designcabinet.biz/,text/html,40938,0,1,,,2026-09-04T05:31:26.443188+00:00
https://schoolbooks.ie/,https://schoolbooks.ie,schoolbooks.ie,mendeley,online_shopping,0,legitimate,legitimate,https://schoolbooks.ie/,https://schoolbooks.ie/,accessible,1,1,200.0,https://schoolbooks.ie/,text/html,1174171,0,1,,,2026-09-04T05:31:49.883924+00:00
https://animalgenetics.com/,https://animalgenetics.com/,animalgenetics.com,scamferret,online_shopping,0,legitimate,legitimate,https://animalgenetics.com/,https://animalgenetics.com/,accessible,1,1,200.0,https://animalgenetics.com/,text/html,174944,0,1,,,2026-09-04T05:32:25.534082+00:00
https://iscltd.com/,https://iscltd.com/,iscltd.com,scamferret,investment,0,legitimate,legitimate,https://iscltd.com/,https://iscltd.com/,accessible,1,1,200.0,https://iscltd.com/,text/html,91239,0,1,,,2026-09-04T05:32:46.759121+00:00
https://www.ibiza-one.com/en/,https://www.ibiza-one.com/en/,ibiza-one.com,scamferret,investment,0,legitimate,legitimate,https://www.ibiza-one.com/en/,https://www.ibiza-one.com/en/,accessible,1,1,200.0,https://www.ibiza-one.com/en/,text/html,274059,0,1,,,2026-09-04T05:32:54.538408+00:00
https://rubic.exchange/,https://rubic.exchange/,rubic.exchange,scamferret,cryptocurrency,0,legitimate,legitimate,https://rubic.exchange/,https://rubic.exchange/,accessible,1,1,200.0,https://rubic.exchange/,text/html,49912,0,1,,,2026-09-04T05:33:02.108125+00:00
https://www.ducq.com/,https://www.ducq.com,ducq.com,mendeley,online_shopping,0,legitimate,legitimate,https://www.ducq.com/,https://www.ducq.com/,accessible,1,1,200.0,https://www.ducq.com/,text/html,354465,0,1,,,2026-09-04T05:33:20.043209+00:00
https://www.lecuine.com/,https://www.lecuine.com,lecuine.com,mendeley,online_shopping,0,legitimate,legitimate,https://www.lecuine.com/,https://www.lecuine.com/,accessible,1,1,200.0,https://www.lecuine.com/,text/html,154077,0,1,,,2026-09-04T05:34:17.722793+00:00
https://www.kennedywilson.com/,https://www.kennedywilson.com/,kennedywilson.com,scamferret,investment,0,legitimate,legitimate,https://www.kennedywilson.com/,https://www.kennedywilson.com/,accessible,1,1,200.0,https://www.kennedywilson.com/,text/html,89297,0,1,,,2026-09-04T05:34:36.064325+00:00
https://www.dcsystemssupport.com/,https://www.dcsystemssupport.com/,dcsystemssupport.com,scamferret,technical_support,0,legitimate,legitimate,https://www.dcsystemssupport.com/,https://www.dcsystemssupport.com/,accessible,1,1,200.0,https://www.dcsystemssupport.com/,text/html,48087,0,1,,,2026-09-04T05:34:46.288994+00:00
https://www.portugal-natura.com/pt,https://www.portugal-natura.com/pt,portugal-natura.com,mendeley,online_shopping,0,legitimate,legitimate,https://www.portugal-natura.com/pt,https://www.portugal-natura.com/pt,accessible,1,1,200.0,https://www.portugal-natura.com/pt/,text/html,213566,1,1,,,2026-09-04T05:34:57.986257+00:00
https://www.bridgewaterwealth.com/,https://www.bridgewaterwealth.com/,bridgewaterwealth.com,scamferret,investment,0,legitimate,legitimate,https://www.bridgewaterwealth.com/,https://www.bridgewaterwealth.com/,accessible,1,1,200.0,https://www.bridgewaterwealth.com/,text/html,34744,0,1,,,2026-09-04T05:35:14.335974+00:00
https://www.scientronic.com.au/,https://www.scientronic.com.au/,scientronic.com.au,scamferret,technical_support,0,legitimate,legitimate,https://www.scientronic.com.au/,https://www.scientronic.com.au/,accessible,1,1,200.0,https://www.scientronic.com.au/,text/html,1017146,0,1,,,2026-09-04T05:35:27.732678+00:00
https://computerrescue911.com/,https://computerrescue911.com/,computerrescue911.com,scamferret,technical_support,0,legitimate,legitimate,https://computerrescue911.com/,https://computerrescue911.com/,accessible,1,1,200.0,https://computerrescue911.com/,text/html,264182,0,1,,,2026-09-04T05:35:38.321135+00:00
https://rapiddetect.com/,https://rapiddetect.com/,rapiddetect.com,scamferret,online_shopping,0,legitimate,legitimate,https://rapiddetect.com/,https://rapiddetect.com/,accessible,1,1,200.0,https://rapiddetect.com/,text/html,135001,0,1,,,2026-09-04T05:35:46.247544+00:00
https://www.maximilian.it/en,https://www.maximilian.it/en,maximilian.it,mendeley,online_shopping,0,legitimate,legitimate,https://www.maximilian.it/en,https://www.maximilian.it/en,accessible,1,1,200.0,https://www.maximilian.it/en,text/html,398362,0,1,,,2026-09-04T05:37:15.135506+00:00
https://www.santaeulalia.com/es,https://www.santaeulalia.com/es,santaeulalia.com,mendeley,online_shopping,0,legitimate,legitimate,https://www.santaeulalia.com/es,https://www.santaeulalia.com/es,accessible,1,1,200.0,https://www.santaeulalia.com/,text/html,274240,1,1,,,2026-09-04T05:38:48.272848+00:00
https://carefreecruising.com/,https://carefreecruising.com/,carefreecruising.com,scamferret,investment,0,legitimate,legitimate,https://carefreecruising.com/,https://carefreecruising.com/,accessible,1,1,200.0,https://carefreecruising.com/,text/html,204712,0,1,,,2026-09-04T05:38:58.688062+00:00
https://wmfox.com/,https://wmfox.com/,wmfox.com,scamferret,online_shopping,0,legitimate,legitimate,https://wmfox.com/,https://wmfox.com/,accessible,1,1,200.0,https://wmfox.com/,text/html,296376,0,1,,,2026-09-04T05:39:34.250685+00:00
https://www.aceelectronics.com/,https://www.aceelectronics.com/,aceelectronics.com,scamferret,technical_support,0,legitimate,legitimate,https://www.aceelectronics.com/,https://www.aceelectronics.com/,accessible,1,1,200.0,https://www.aceelectronics.com/,text/html,141049,0,1,,,2026-09-04T05:42:19.620253+00:00
https://www.comchoicecu.org/,https://www.comchoicecu.org/,comchoicecu.org,scamferret,investment,0,legitimate,legitimate,https://www.comchoicecu.org/,https://www.comchoicecu.org/,accessible,1,1,200.0,https://www.comchoicecu.org/,text/html,205018,0,1,,,2026-09-04T05:42:58.152583+00:00
https://www.abielectronics.co.uk/,https://www.abielectronics.co.uk/,abielectronics.co.uk,scamferret,technical_support,0,legitimate,legitimate,https://www.abielectronics.co.uk/,https://www.abielectronics.co.uk/,accessible,1,1,200.0,https://www.abielectronics.co.uk/,text/html,26165,0,1,,,2026-09-04T05:43:09.596288+00:00
https://www.blutsgeschwister.de/,https://www.blutsgeschwister.de,blutsgeschwister.de,mendeley,online_shopping,0,legitimate,legitimate,https://www.blutsgeschwister.de/,https://www.blutsgeschwister.de/,accessible,1,1,200.0,https://www.blutsgeschwister.de/,text/html,204044,0,1,,,2026-09-04T05:43:20.603303+00:00
https://kilkennydesign.com/,https://kilkennydesign.com,kilkennydesign.com,mendeley,online_shopping,0,legitimate,legitimate,https://kilkennydesign.com/,https://kilkennydesign.com/,accessible,1,1,200.0,https://kilkennydesign.com/,text/html,783430,0,1,,,2026-09-04T05:43:31.949204+00:00
https://biomed.lt/lt,https://biomed.lt/lt,biomed.lt,mendeley,online_shopping,0,legitimate,legitimate,https://biomed.lt/lt,https://biomed.lt/lt,accessible,1,1,200.0,https://biomed.lt/,text/html,476623,1,1,,,2026-09-04T05:43:44.474053+00:00
https://www.medicassist.com/,https://www.medicassist.com/,medicassist.com,scamferret,online_shopping,0,legitimate,legitimate,https://www.medicassist.com/,https://www.medicassist.com/,accessible,1,1,200.0,https://www.medicassist.com/,text/html,50242,0,1,,,2026-09-04T05:44:01.813612+00:00
https://metaversetradingacademy.in/,https://metaversetradingacademy.in/,metaversetradingacademy.in,scamferret,cryptocurrency,0,legitimate,legitimate,https://metaversetradingacademy.in/,https://metaversetradingacademy.in/,accessible,1,1,200.0,https://metaversetradingacademy.in/,text/html,165248,0,1,,,2026-09-04T05:44:38.283321+00:00
https://www.futurum.cc/,https://www.futurum.cc,futurum.cc,mendeley,online_shopping,0,legitimate,legitimate,https://www.futurum.cc/,https://www.futurum.cc/,accessible,1,1,200.0,https://futurum.cc/,text/html,263706,1,1,,,2026-09-04T05:44:56.204723+00:00
https://www.metavisia.com/,https://www.metavisia.com/,metavisia.com,scamferret,technical_support,0,legitimate,legitimate,https://www.metavisia.com/,https://www.metavisia.com/,accessible,1,1,200.0,https://www.metavisia.com/,text/html,30228,0,1,,,2026-09-04T05:46:06.707351+00:00
https://www.sycom.net/,https://www.sycom.net/,sycom.net,scamferret,technical_support,0,legitimate,legitimate,https://www.sycom.net/,https://www.sycom.net/,accessible,1,1,200.0,https://sycom.net/,text/html,202477,1,1,,,2026-09-04T05:46:50.549981+00:00
https://www.chadiachalmers.com/,https://www.chadiachalmers.com/,chadiachalmers.com,scamferret,investment,0,legitimate,legitimate,https://www.chadiachalmers.com/,https://www.chadiachalmers.com/,accessible,1,1,200.0,https://www.chadiachalmers.com/,text/html,157400,0,1,,,2026-09-04T05:49:25.000284+00:00
https://sldtech.com/,https://sldtech.com/,sldtech.com,scamferret,technical_support,0,legitimate,legitimate,https://sldtech.com/,https://sldtech.com/,accessible,1,1,200.0,https://sldtech.com/,text/html,75275,0,1,,,2026-09-04T05:49:46.343141+00:00
https://allegrolokalnie.pl/,https://allegrolokalnie.pl,allegrolokalnie.pl,mendeley,online_shopping,0,legitimate,legitimate,https://allegrolokalnie.pl/,https://allegrolokalnie.pl/,accessible,1,1,200.0,https://allegrolokalnie.pl/,text/html,1697847,0,1,,,2026-09-04T05:50:27.861305+00:00
https://web3-consult.io/,https://web3-consult.io/,web3-consult.io,scamferret,cryptocurrency,0,legitimate,legitimate,https://web3-consult.io/,https://web3-consult.io/,accessible,1,1,200.0,https://web3-consult.io/,text/html,1617,0,1,,,2026-09-04T05:50:51.878200+00:00
https://www.lanade.de/,https://www.lanade.de,lanade.de,mendeley,online_shopping,0,legitimate,legitimate,https://www.lanade.de/,https://www.lanade.de/,accessible,1,1,200.0,https://www.lanade.de/,text/html,243668,0,1,,,2026-09-04T05:50:59.855570+00:00
https://kalistara.lt/,https://kalistara.lt,kalistara.lt,mendeley,online_shopping,0,legitimate,legitimate,https://kalistara.lt/,https://kalistara.lt/,accessible,1,1,200.0,https://kalistara.lt/,text/html,127306,0,1,,,2026-09-04T05:51:09.463814+00:00
https://www.wearwolf.store/,https://www.wearwolf.store,wearwolf.store,mendeley,online_shopping,0,legitimate,legitimate,https://www.wearwolf.store/,https://www.wearwolf.store/,accessible,1,1,200.0,https://www.wearwolf.store/,text/html,249384,0,1,,,2026-09-04T05:51:19.104178+00:00
https://onmeta.in/,https://onmeta.in/,onmeta.in,scamferret,cryptocurrency,0,legitimate,legitimate,https://onmeta.in/,https://onmeta.in/,accessible,1,1,200.0,https://onmeta.in/,text/html,782349,0,1,,,2026-09-04T05:51:34.989493+00:00
https://www.providenceoris.com/,https://www.providenceoris.com/,providenceoris.com,scamferret,technical_support,0,legitimate,legitimate,https://www.providenceoris.com/,https://www.providenceoris.com/,accessible,1,1,200.0,https://www.providenceoris.com/,text/html,88994,0,1,,,2026-09-04T05:51:49.687338+00:00
https://www.louiscopeland.com/,https://www.louiscopeland.com,louiscopeland.com,mendeley,online_shopping,0,legitimate,legitimate,https://www.louiscopeland.com/,https://www.louiscopeland.com/,accessible,1,1,200.0,https://www.louiscopeland.com/,text/html,526663,0,1,,,2026-09-04T05:52:03.915414+00:00
https://www.avenolife.pl/,https://www.avenolife.pl,avenolife.pl,mendeley,online_shopping,0,legitimate,legitimate,https://www.avenolife.pl/,https://www.avenolife.pl/,accessible,1,1,200.0,https://www.habys.pl/,text/html,81832,2,1,,,2026-09-04T05:52:27.193575+00:00
https://rockymountaindesign.com/,https://rockymountaindesign.com/,rockymountaindesign.com,scamferret,online_shopping,0,legitimate,legitimate,https://rockymountaindesign.com/,https://rockymountaindesign.com/,accessible,1,1,200.0,https://rockymountaindesign.com/,text/html,401540,0,1,,,2026-09-04T05:53:02.304495+00:00
https://www.newegg.com/,https://www.newegg.com,newegg.com,mendeley,online_shopping,0,legitimate,legitimate,https://www.newegg.com/,https://www.newegg.com/,accessible,1,1,200.0,https://www.newegg.com/,text/html,637976,0,1,,,2026-09-04T05:53:42.087313+00:00
https://aumlaw.com/,https://aumlaw.com/,aumlaw.com,scamferret,investment,0,legitimate,legitimate,https://aumlaw.com/,https://aumlaw.com/,accessible,1,1,200.0,https://www.blg.com/en/services/blg-beyond/aum-law/,text/html,203576,1,1,,,2026-09-04T05:53:51.064784+00:00
https://ccgnet.com/,https://ccgnet.com/,ccgnet.com,scamferret,technical_support,0,legitimate,legitimate,https://ccgnet.com/,https://ccgnet.com/,accessible,1,1,200.0,https://ccgnet.com/,text/html,15876,0,1,,,2026-09-04T05:55:29.879799+00:00
https://evolvebham.com/,https://evolvebham.com,evolvebham.com,mendeley,online_shopping,0,legitimate,legitimate,https://evolvebham.com/,https://evolvebham.com/,accessible,1,1,200.0,https://evolvebham.com/,text/html,327881,0,1,,,2026-09-04T05:56:02.198193+00:00
https://www.art-of-craft.co.uk/,https://www.art-of-craft.co.uk/,art-of-craft.co.uk,scamferret,online_shopping,0,legitimate,legitimate,https://www.art-of-craft.co.uk/,https://www.art-of-craft.co.uk/,accessible,1,1,200.0,https://www.art-of-craft.co.uk/,text/html,214666,2,1,,,2026-09-04T05:56:12.573248+00:00
http://www.jbcr-virtualsolutions.com/,http://www.jbcr-virtualsolutions.com/,jbcr-virtualsolutions.com,scamferret,technical_support,0,legitimate,legitimate,http://www.jbcr-virtualsolutions.com/,http://www.jbcr-virtualsolutions.com/,accessible,1,1,200.0,https://www.jbcr-virtualsolutions.com/,text/html,108533,1,1,,,2026-09-04T05:56:23.023804+00:00
https://bliss-forex.com/,https://bliss-forex.com/,bliss-forex.com,scamferret,cryptocurrency,0,legitimate,legitimate,https://bliss-forex.com/,https://bliss-forex.com/,accessible,1,1,200.0,https://bliss-forex.com/,text/html,53,0,1,,,2026-09-04T05:56:31.663609+00:00
https://www.sanct-bernhard.com/,https://www.sanct-bernhard.com,sanct-bernhard.com,mendeley,online_shopping,0,legitimate,legitimate,https://www.sanct-bernhard.com/,https://www.sanct-bernhard.com/,accessible,1,1,200.0,https://www.sanct-bernhard.com/,text/html,298059,0,1,,,2026-09-04T05:56:39.337441+00:00
http://axic.com/,http://axic.com/,axic.com,scamferret,technical_support,0,legitimate,legitimate,http://axic.com/,http://axic.com/,accessible,1,1,200.0,http://axic.com/,text/html,48835,0,1,,,2026-09-04T05:56:46.088795+00:00
https://omikamitoken.com/,https://omikamitoken.com/,omikamitoken.com,scamferret,cryptocurrency,0,legitimate,legitimate,https://omikamitoken.com/,https://omikamitoken.com/,accessible,1,1,200.0,https://www.omikamitoken.com/,text/html,1442,1,1,,,2026-09-04T05:56:54.648102+00:00
https://www.newcomersupply.com/,https://www.newcomersupply.com/,newcomersupply.com,scamferret,technical_support,0,legitimate,legitimate,https://www.newcomersupply.com/,https://www.newcomersupply.com/,accessible,1,1,200.0,https://www.newcomersupply.com/,text/html,44290,0,1,,,2026-09-04T05:57:02.277964+00:00
https://www.holabirdsports.com/,https://www.holabirdsports.com/,holabirdsports.com,scamferret,online_shopping,0,legitimate,legitimate,https://www.holabirdsports.com/,https://www.holabirdsports.com/,accessible,1,1,200.0,https://www.holabirdsports.com/,text/html,610094,0,1,,,2026-09-04T05:57:39.109391+00:00
https://nezliving.com/,https://nezliving.com,nezliving.com,mendeley,online_shopping,0,legitimate,legitimate,https://nezliving.com/,https://nezliving.com/,accessible,1,1,200.0,https://nezliving.com/,text/html,303397,0,1,,,2026-09-04T05:58:12.623815+00:00
https://www.abbotfm.com/,https://www.abbotfm.com/,abbotfm.com,scamferret,investment,0,legitimate,legitimate,https://www.abbotfm.com/,https://www.abbotfm.com/,accessible,1,1,200.0,https://www.abbotfm.com/,text/html,613150,0,1,,,2026-09-04T05:58:40.567707+00:00
https://www.underweardistrict.nl/en,https://www.underweardistrict.nl/en,underweardistrict.nl,mendeley,online_shopping,0,legitimate,legitimate,https://www.underweardistrict.nl/en,https://www.underweardistrict.nl/en,accessible,1,1,200.0,https://www.underweardistrict.nl/en/,text/html,207041,1,1,,,2026-09-04T05:58:45.710434+00:00
https://www.teejet.com/,https://www.teejet.com/,teejet.com,scamferret,technical_support,0,legitimate,legitimate,https://www.teejet.com/,https://www.teejet.com/,accessible,1,1,200.0,https://www.teejet.com/,text/html,95251,0,1,,,2026-09-04T05:59:16.485813+00:00
https://www.teebooks.co.uk/,https://www.teebooks.co.uk,teebooks.co.uk,mendeley,online_shopping,0,legitimate,legitimate,https://www.teebooks.co.uk/,https://www.teebooks.co.uk/,accessible,1,1,200.0,https://www.teebooks.co.uk/,text/html,185439,0,1,,,2026-09-04T05:59:41.755370+00:00
https://www.discountfilmsdirect.co.uk/,https://www.discountfilmsdirect.co.uk/,discountfilmsdirect.co.uk,scamferret,online_shopping,0,legitimate,legitimate,https://www.discountfilmsdirect.co.uk/,https://www.discountfilmsdirect.co.uk/,accessible,1,1,200.0,https://www.discountfilmsdirect.co.uk/,text/html,64231,0,1,,,2026-09-04T05:59:50.047254+00:00
https://www.iwl.com/,https://www.iwl.com/,iwl.com,scamferret,technical_support,0,legitimate,legitimate,https://www.iwl.com/,https://www.iwl.com/,accessible,1,1,200.0,https://www.iwl.com/,text/html,520356,0,1,,,2026-09-04T05:59:54.878700+00:00
https://www.bjcraftsupplies.com/,https://www.bjcraftsupplies.com/,bjcraftsupplies.com,scamferret,online_shopping,0,legitimate,legitimate,https://www.bjcraftsupplies.com/,https://www.bjcraftsupplies.com/,accessible,1,1,200.0,https://www.bjcraftsupplies.com/,text/html,62879,0,1,,,2026-09-04T06:02:25.433895+00:00
https://www.natureschoicetea.com/wp/US/,https://www.natureschoicetea.com/wp/US/,natureschoicetea.com,scamferret,online_shopping,0,legitimate,legitimate,https://www.natureschoicetea.com/wp/US/,https://www.natureschoicetea.com/wp/US/,accessible,1,1,200.0,https://www.natureschoicetea.com/wp/US/,text/html,58651,0,1,,,2026-09-04T06:02:35.640192+00:00
https://ssrce.ca/,https://ssrce.ca/,ssrce.ca,scamferret,technical_support,0,legitimate,legitimate,https://ssrce.ca/,https://ssrce.ca/,accessible,1,1,200.0,https://ssrce.ca/,text/html,62383,0,1,,,2026-09-04T06:02:48.763105+00:00
https://lekite.com.au/,https://lekite.com.au/,lekite.com.au,scamferret,online_shopping,0,legitimate,legitimate,https://lekite.com.au/,https://lekite.com.au/,accessible,1,1,200.0,https://lekite.com.au/,text/html,227194,0,1,,,2026-09-04T06:03:01.673243+00:00
https://www.divinebugs.com/,https://www.divinebugs.com,divinebugs.com,mendeley,online_shopping,0,legitimate,legitimate,https://www.divinebugs.com/,https://www.divinebugs.com/,accessible,1,1,200.0,https://www.divinebugs.com/,text/html,254925,0,1,,,2026-09-04T06:03:21.252336+00:00
https://www.pc-doctor.com/,https://www.pc-doctor.com/,pc-doctor.com,scamferret,technical_support,0,legitimate,legitimate,https://www.pc-doctor.com/,https://www.pc-doctor.com/,accessible,1,1,200.0,https://www.pc-doctor.com/,text/html,85633,0,1,,,2026-09-04T06:03:27.335004+00:00
https://murphylarkin.com/,https://murphylarkin.com,murphylarkin.com,mendeley,online_shopping,0,legitimate,legitimate,https://murphylarkin.com/,https://murphylarkin.com/,accessible,1,1,200.0,https://murphylarkin.com/,text/html,118339,0,1,,,2026-09-04T06:03:54.935883+00:00
https://www.contravisory.com/,https://www.contravisory.com/,contravisory.com,scamferret,investment,0,legitimate,legitimate,https://www.contravisory.com/,https://www.contravisory.com/,accessible,1,1,200.0,https://www.contravisory.com/,text/html,48079,0,1,,,2026-09-04T06:04:26.012521+00:00
https://bitwisex.io/,https://bitwisex.io/,bitwisex.io,scamferret,cryptocurrency,0,legitimate,legitimate,https://bitwisex.io/,https://bitwisex.io/,accessible,1,1,200.0,https://bitwisex.io/,text/html,286244,0,1,,,2026-09-04T06:04:32.020196+00:00
https://www.newtownbike.com/,https://www.newtownbike.com/,newtownbike.com,scamferret,online_shopping,0,legitimate,legitimate,https://www.newtownbike.com/,https://www.newtownbike.com/,accessible,1,1,200.0,https://www.newtownbike.com/,text/html,52791,0,1,,,2026-09-04T06:04:39.348905+00:00
https://www.shoeshop.ie/,https://www.shoeshop.ie,shoeshop.ie,mendeley,online_shopping,0,legitimate,legitimate,https://www.shoeshop.ie/,https://www.shoeshop.ie/,accessible,1,1,200.0,https://www.shoeshop.ie/,text/html,72919,0,1,,,2026-09-04T06:04:44.265592+00:00
https://plus.parts/,https://plus.parts,plus.parts,mendeley,online_shopping,0,legitimate,legitimate,https://plus.parts/,https://plus.parts/,accessible,1,1,200.0,https://plus.parts/,text/html,1075468,0,1,,,2026-09-04T06:04:50.152818+00:00
http://www.pick911.com/,http://www.pick911.com/,pick911.com,scamferret,technical_support,0,legitimate,legitimate,http://www.pick911.com/,http://www.pick911.com/,accessible,1,1,200.0,https://www.pick911.com/,text/html,216369,1,1,,,2026-09-04T06:04:58.167118+00:00
https://cheffix.eu/,https://cheffix.eu,cheffix.eu,mendeley,online_shopping,0,legitimate,legitimate,https://cheffix.eu/,https://cheffix.eu/,accessible,1,1,200.0,https://cheffix.eu/,text/html,159447,0,1,,,2026-09-04T06:05:21.134606+00:00
https://mioki.lt/,https://mioki.lt,mioki.lt,mendeley,online_shopping,0,legitimate,legitimate,https://mioki.lt/,https://mioki.lt/,accessible,1,1,200.0,https://mioki.lt/,text/html,390470,0,1,,,2026-09-04T06:05:29.188222+00:00
http://www.pfingstco.com/,http://www.pfingstco.com/,pfingstco.com,scamferret,online_shopping,0,legitimate,legitimate,http://www.pfingstco.com/,http://www.pfingstco.com/,accessible,1,1,200.0,https://www.pfingstco.com/,text/html,54512,1,1,,,2026-09-04T06:05:34.442529+00:00
http://www.invitesite.com/,http://www.invitesite.com/,invitesite.com,scamferret,online_shopping,0,legitimate,legitimate,http://www.invitesite.com/,http://www.invitesite.com/,accessible,1,1,200.0,http://www.invitesite.com/,text/html,15160,0,1,,,2026-09-04T06:05:44.403072+00:00
https://vsemobmen.online/,https://vsemobmen.online/,vsemobmen.online,scamferret,cryptocurrency,0,legitimate,legitimate,https://vsemobmen.online/,https://vsemobmen.online/,accessible,1,1,200.0,https://www.vsemobmen.online/,text/html,3999,1,1,,,2026-09-04T06:05:55.161118+00:00
http://www.gruptrans.com/,http://www.gruptrans.com/,gruptrans.com,scamferret,investment,0,legitimate,legitimate,http://www.gruptrans.com/,http://www.gruptrans.com/,accessible,1,1,200.0,http://www.gruptrans.com/,text/html,28991,0,1,,,2026-09-04T06:06:27.542486+00:00
https://atctower.com/,https://atctower.com/,atctower.com,scamferret,technical_support,0,legitimate,legitimate,https://atctower.com/,https://atctower.com/,accessible,1,1,200.0,https://www.atctower.com/,text/html,59625,1,1,,,2026-09-04T06:06:32.503293+00:00
https://logosdor.com/,https://logosdor.com/,logosdor.com,scamferret,online_shopping,0,legitimate,legitimate,https://logosdor.com/,https://logosdor.com/,accessible,1,1,200.0,https://logosdor.com/,text/html,131209,0,1,,,2026-09-04T06:06:39.749005+00:00
https://www.boden.co.uk/,https://www.boden.co.uk,boden.co.uk,mendeley,online_shopping,0,legitimate,legitimate,https://www.boden.co.uk/,https://www.boden.co.uk/,accessible,1,1,200.0,https://www.boden.com/,text/html,832865,1,1,,,2026-09-04T06:06:45.149482+00:00
https://www.ardkeen.com/,https://www.ardkeen.com,ardkeen.com,mendeley,online_shopping,0,legitimate,legitimate,https://www.ardkeen.com/,https://www.ardkeen.com/,accessible,1,1,200.0,https://www.ardkeen.com/,text/html,1121159,0,1,,,2026-09-04T06:06:51.719779+00:00
https://www.winklevoss.com/,https://www.winklevoss.com/,winklevoss.com,scamferret,investment,0,legitimate,legitimate,https://www.winklevoss.com/,https://www.winklevoss.com/,accessible,1,1,200.0,https://wintech.com/,text/html,166633,1,1,,,2026-09-04T06:07:04.718805+00:00
https://suretyit.com.au/,https://suretyit.com.au/,suretyit.com.au,scamferret,technical_support,0,legitimate,legitimate,https://suretyit.com.au/,https://suretyit.com.au/,accessible,1,1,200.0,https://suretyit.com.au/,text/html,235659,0,1,,,2026-09-04T06:07:11.712367+00:00
https://www.dosenprofi.com/,https://www.dosenprofi.com,dosenprofi.com,mendeley,online_shopping,0,legitimate,legitimate,https://www.dosenprofi.com/,https://www.dosenprofi.com/,accessible,1,1,200.0,https://www.dosenprofi.com/,text/html,85257,0,1,,,2026-09-04T06:07:18.042164+00:00
https://botnaybay.com/,https://botnaybay.com/,botnaybay.com,scamferret,technical_support,0,legitimate,legitimate,https://botnaybay.com/,https://botnaybay.com/,accessible,1,1,200.0,https://botnaybay.com/,text/html,80235,0,1,,,2026-09-04T06:07:39.088183+00:00
https://cranebury.com/,https://cranebury.com,cranebury.com,mendeley,online_shopping,0,legitimate,legitimate,https://cranebury.com/,https://cranebury.com/,accessible,1,1,200.0,https://cranebury.com/,text/html,160038,0,1,,,2026-09-04T06:07:56.325169+00:00
https://www.perryure.com.au/,https://www.perryure.com.au/,perryure.com.au,scamferret,investment,0,legitimate,legitimate,https://www.perryure.com.au/,https://www.perryure.com.au/,accessible,1,1,200.0,https://www.perryure.com.au/,text/html,59621,0,1,,,2026-09-04T06:08:07.937245+00:00
https://taglichbrothers.com/,https://taglichbrothers.com/,taglichbrothers.com,scamferret,investment,0,legitimate,legitimate,https://taglichbrothers.com/,https://taglichbrothers.com/,accessible,1,1,200.0,https://taglichbrothers.com/,text/html,162634,0,1,,,2026-09-04T06:08:13.737359+00:00
https://www.aspyr.com/,https://www.aspyr.com/,aspyr.com,scamferret,technical_support,0,legitimate,legitimate,https://www.aspyr.com/,https://www.aspyr.com/,accessible,1,1,200.0,https://www.aspyr.com/,text/html,66556,0,1,,,2026-09-04T06:08:25.313415+00:00
https://businesspanama.com/,https://businesspanama.com/,businesspanama.com,scamferret,investment,0,legitimate,legitimate,https://businesspanama.com/,https://businesspanama.com/,accessible,1,1,200.0,https://www.businesspanama.com/,text/html,78990,1,1,,,2026-09-04T06:08:34.349811+00:00
https://www.artronic.com.tr/,https://www.artronic.com.tr/,artronic.com.tr,scamferret,technical_support,0,legitimate,legitimate,https://www.artronic.com.tr/,https://www.artronic.com.tr/,accessible,1,1,200.0,https://www.artronic.com.tr/,text/html,67565,0,1,,,2026-09-04T06:09:08.553517+00:00
https://www.kfh.com/,https://www.kfh.com/,kfh.com,scamferret,investment,0,legitimate,legitimate,https://www.kfh.com/,https://www.kfh.com/,accessible,1,1,200.0,https://www.kfh.com/,text/html,147962,0,1,,,2026-09-04T06:09:15.913218+00:00
https://www.bayleys.co.nz/,https://www.bayleys.co.nz/,bayleys.co.nz,scamferret,investment,0,legitimate,legitimate,https://www.bayleys.co.nz/,https://www.bayleys.co.nz/,accessible,1,1,200.0,https://www.bayleys.co.nz/,text/html,211907,0,1,,,2026-09-04T06:09:20.025395+00:00
https://www.andersons.com/,https://www.andersons.com/,andersons.com,scamferret,online_shopping,0,legitimate,legitimate,https://www.andersons.com/,https://www.andersons.com/,accessible,1,1,200.0,https://www.andersons.com/,text/html,156462,0,1,,,2026-09-04T06:09:25.722464+00:00
https://www.fledbag.com/,https://www.fledbag.com,fledbag.com,mendeley,online_shopping,0,legitimate,legitimate,https://www.fledbag.com/,https://www.fledbag.com/,accessible,1,1,200.0,https://www.fledbag.com/,text/html,68316,0,1,,,2026-09-04T06:09:36.974393+00:00
https://ipcl.in/,https://ipcl.in/,ipcl.in,scamferret,investment,0,legitimate,legitimate,https://ipcl.in/,https://ipcl.in/,accessible,1,1,200.0,https://www.ipcl.in/,text/html,68996,1,1,,,2026-09-04T06:09:43.344391+00:00
https://www.jbhifi.com.au/,https://www.jbhifi.com.au,jbhifi.com.au,mendeley,online_shopping,0,legitimate,legitimate,https://www.jbhifi.com.au/,https://www.jbhifi.com.au/,accessible,1,1,200.0,https://www.jbhifi.com.au/,text/html,1283665,0,1,,,2026-09-04T06:10:34.231776+00:00
https://www.dortex.com/,https://www.dortex.com,dortex.com,mendeley,online_shopping,0,legitimate,legitimate,https://www.dortex.com/,https://www.dortex.com/,accessible,1,1,200.0,https://www.dortex.com/,text/html,78865,0,1,,,2026-09-04T06:10:39.629184+00:00
https://www.bostoncomputing.net/,https://www.bostoncomputing.net/,bostoncomputing.net,scamferret,technical_support,0,legitimate,legitimate,https://www.bostoncomputing.net/,https://www.bostoncomputing.net/,accessible,1,1,200.0,https://www.bostoncomputing.net/,text/html,11613,0,1,,,2026-09-04T06:10:45.761197+00:00
https://www.pme-legend.com/,https://www.pme-legend.com,pme-legend.com,mendeley,online_shopping,0,legitimate,legitimate,https://www.pme-legend.com/,https://www.pme-legend.com/,accessible,1,1,200.0,https://www.pme-legend.com/,text/html,329678,0,1,,,2026-09-04T06:10:49.632042+00:00
https://www.tradera.com/,https://www.tradera.com,tradera.com,mendeley,online_shopping,0,legitimate,legitimate,https://www.tradera.com/,https://www.tradera.com/,accessible,1,1,200.0,https://www.tradera.com/,text/html,705202,0,1,,,2026-09-04T06:10:53.852688+00:00
http://www.kendalto.com/,http://www.kendalto.com/,kendalto.com,scamferret,investment,0,legitimate,legitimate,http://www.kendalto.com/,http://www.kendalto.com/,accessible,1,1,200.0,http://www.kendalto.com/,text/html,36112,0,1,,,2026-09-04T06:11:02.487585+00:00
https://www.noratek.com/,https://www.noratek.com/,noratek.com,scamferret,technical_support,0,legitimate,legitimate,https://www.noratek.com/,https://www.noratek.com/,accessible,1,1,200.0,https://www.noratek.com/,text/html,319147,0,1,,,2026-09-04T06:11:25.679138+00:00
https://www.dfinancialstrategies.com/landing.php,https://www.dfinancialstrategies.com/landing.php,dfinancialstrategies.com,scamferret,investment,0,legitimate,legitimate,https://www.dfinancialstrategies.com/landing.php,https://www.dfinancialstrategies.com/landing.php,accessible,1,1,200.0,https://www.dfinancialstrategies.com/landing.php,text/html,25412,0,1,,,2026-09-04T06:11:36.650852+00:00
https://www.inovestor.com/en-us/,https://www.inovestor.com/en-us/,inovestor.com,scamferret,investment,0,legitimate,legitimate,https://www.inovestor.com/en-us/,https://www.inovestor.com/en-us/,accessible,1,1,200.0,https://www.inovestor.com/en-us/,text/html,184452,0,1,,,2026-09-04T06:11:41.867318+00:00
https://www.hunkemoller.se/,https://www.hunkemoller.se,hunkemoller.se,mendeley,online_shopping,0,legitimate,legitimate,https://www.hunkemoller.se/,https://www.hunkemoller.se/,accessible,1,1,200.0,https://www.hunkemoller.se/,text/html,712511,0,1,,,2026-09-04T06:11:48.374113+00:00
https://cingomma.com/,https://cingomma.com,cingomma.com,mendeley,online_shopping,0,legitimate,legitimate,https://cingomma.com/,https://cingomma.com/,accessible,1,1,200.0,https://cingomma.com/,text/html,264608,0,1,,,2026-09-04T06:11:58.173841+00:00
https://pgc.co.nz/,https://pgc.co.nz/,pgc.co.nz,scamferret,investment,0,legitimate,legitimate,https://pgc.co.nz/,https://pgc.co.nz/,accessible,1,1,200.0,https://pgc.co.nz/,text/html,50346,0,1,,,2026-09-04T06:12:22.341468+00:00
https://solingen24.com/,https://solingen24.com,solingen24.com,mendeley,online_shopping,0,legitimate,legitimate,https://solingen24.com/,https://solingen24.com/,accessible,1,1,200.0,https://messervertrieb-rottner.de/,text/html,1105998,1,1,,,2026-09-04T06:12:28.804547+00:00
https://www.diedrichroasters.com/,https://www.diedrichroasters.com/,diedrichroasters.com,scamferret,technical_support,0,legitimate,legitimate,https://www.diedrichroasters.com/,https://www.diedrichroasters.com/,accessible,1,1,200.0,https://www.diedrichroasters.com/,text/html,247781,0,1,,,2026-09-04T06:12:36.256463+00:00
https://www.texasbankandtrust.com/,https://www.texasbankandtrust.com/,texasbankandtrust.com,scamferret,investment,0,legitimate,legitimate,https://www.texasbankandtrust.com/,https://www.texasbankandtrust.com/,accessible,1,1,200.0,https://www.texasbankandtrust.com/,text/html,68456,0,1,,,2026-09-04T06:12:52.378175+00:00
https://herbatea-manufaktura.hu/,https://herbatea-manufaktura.hu,herbatea-manufaktura.hu,mendeley,online_shopping,0,legitimate,legitimate,https://herbatea-manufaktura.hu/,https://herbatea-manufaktura.hu/,accessible,1,1,200.0,https://herbatea-manufaktura.hu/,text/html,208044,0,1,,,2026-09-04T06:13:22.432557+00:00
https://www.internet-sportandcasuals.com/,https://www.internet-sportandcasuals.com,internet-sportandcasuals.com,mendeley,online_shopping,0,legitimate,legitimate,https://www.internet-sportandcasuals.com/,https://www.internet-sportandcasuals.com/,accessible,1,1,200.0,https://www.internet-sportandcasuals.com/,text/html,72805,0,1,,,2026-09-04T06:13:27.689302+00:00
https://www.ecosevi.com/,https://www.ecosevi.com/,ecosevi.com,scamferret,online_shopping,0,legitimate,legitimate,https://www.ecosevi.com/,https://www.ecosevi.com/,accessible,1,1,200.0,https://www.ecosevi.com/,text/html,129704,0,1,,,2026-09-04T06:13:50.614791+00:00
https://www.donnacona.com/,https://www.donnacona.com/,donnacona.com,scamferret,technical_support,0,legitimate,legitimate,https://www.donnacona.com/,https://www.donnacona.com/,accessible,1,1,200.0,https://www.donnacona.com/,text/html,47535,0,1,,,2026-09-04T06:13:55.356381+00:00
https://cyberwurx.com/,https://cyberwurx.com/,cyberwurx.com,scamferret,technical_support,0,legitimate,legitimate,https://cyberwurx.com/,https://cyberwurx.com/,accessible,1,1,200.0,https://cyberwurx.com/,text/html,58115,0,1,,,2026-09-04T06:14:16.379089+00:00
https://www.jrpsupport.co.uk/,https://www.jrpsupport.co.uk/,jrpsupport.co.uk,scamferret,technical_support,0,legitimate,legitimate,https://www.jrpsupport.co.uk/,https://www.jrpsupport.co.uk/,accessible,1,1,200.0,https://jrp.digital/,text/html,116282,1,1,,,2026-09-04T06:14:30.769011+00:00
https://www.theorchard.ie/,https://www.theorchard.ie,theorchard.ie,mendeley,online_shopping,0,legitimate,legitimate,https://www.theorchard.ie/,https://www.theorchard.ie/,accessible,1,1,200.0,https://www.theorchard.ie/,text/html,174510,0,1,,,2026-09-04T06:15:10.704527+00:00
https://dumtakis.lt/,https://dumtakis.lt,dumtakis.lt,mendeley,online_shopping,0,legitimate,legitimate,https://dumtakis.lt/,https://dumtakis.lt/,accessible,1,1,200.0,https://dumtakis.lt/,text/html,31711,0,1,,,2026-09-04T06:15:28.777357+00:00
https://www.ubiworks.ca/,https://www.ubiworks.ca/,ubiworks.ca,scamferret,investment,0,legitimate,legitimate,https://www.ubiworks.ca/,https://www.ubiworks.ca/,accessible,1,1,200.0,https://www.ubiworks.ca/,text/html,99268,0,1,,,2026-09-04T06:15:44.309865+00:00
https://weh0dl.com/,https://weh0dl.com/,weh0dl.com,scamferret,cryptocurrency,0,legitimate,legitimate,https://weh0dl.com/,https://weh0dl.com/,accessible,1,1,200.0,https://weh0dl.com/,text/html,321960,0,1,,,2026-09-04T06:15:48.672578+00:00
https://www.qvc.com/,https://www.qvc.com,qvc.com,mendeley,online_shopping,0,legitimate,legitimate,https://www.qvc.com/,https://www.qvc.com/,accessible,1,1,200.0,https://www.qvc.com/,text/html,381173,0,1,,,2026-09-04T06:15:55.548388+00:00
https://oallery.com/,https://oallery.com,oallery.com,mendeley,online_shopping,0,legitimate,legitimate,https://oallery.com/,https://oallery.com/,accessible,1,1,200.0,https://globalflash.co.uk/,text/html,586604,2,1,,,2026-09-04T06:16:01.552933+00:00
https://pcnc2000.com/,https://pcnc2000.com/,pcnc2000.com,scamferret,technical_support,0,legitimate,legitimate,https://pcnc2000.com/,https://pcnc2000.com/,accessible,1,1,200.0,https://pcnc2000.com/,text/html,169206,0,1,,,2026-09-04T06:16:35.371222+00:00
https://kevinsoell.com/,https://kevinsoell.com/,kevinsoell.com,scamferret,cryptocurrency,0,legitimate,legitimate,https://kevinsoell.com/,https://kevinsoell.com/,accessible,1,1,200.0,https://kevinsoell.com/,text/html,59233,0,1,,,2026-09-04T06:16:47.552120+00:00
http://www.zipcodemaps.com/,http://www.zipcodemaps.com/,zipcodemaps.com,scamferret,online_shopping,0,legitimate,legitimate,http://www.zipcodemaps.com/,http://www.zipcodemaps.com/,accessible,1,1,200.0,https://www.zipcodemaps.com/,text/html,52933,1,1,,,2026-09-04T06:16:51.336132+00:00
https://www.bobkloes.com/,https://www.bobkloes.com/,bobkloes.com,scamferret,online_shopping,0,legitimate,legitimate,https://www.bobkloes.com/,https://www.bobkloes.com/,accessible,1,1,200.0,https://bobkloes.com/,text/html,102812,1,1,,,2026-09-04T06:16:56.862091+00:00
https://www.bcsc.bc.ca/,https://www.bcsc.bc.ca/,bcsc.bc.ca,scamferret,investment,0,legitimate,legitimate,https://www.bcsc.bc.ca/,https://www.bcsc.bc.ca/,accessible,1,1,200.0,https://www.bcsc.bc.ca/,text/html,175198,0,1,,,2026-09-04T06:17:20.593547+00:00
https://hollywoodstyle.cz/,https://hollywoodstyle.cz,hollywoodstyle.cz,mendeley,online_shopping,0,legitimate,legitimate,https://hollywoodstyle.cz/,https://hollywoodstyle.cz/,accessible,1,1,200.0,https://hollywoodstyle.cz/,text/html,114771,0,1,,,2026-09-04T06:17:25.374059+00:00
https://cryptoast.fr/,https://cryptoast.fr/,cryptoast.fr,scamferret,cryptocurrency,0,legitimate,legitimate,https://cryptoast.fr/,https://cryptoast.fr/,accessible,1,1,200.0,https://cryptoast.fr/,text/html,409581,0,1,,,2026-09-04T06:17:39.980868+00:00
https://servicestrategies.com/,https://servicestrategies.com/,servicestrategies.com,scamferret,technical_support,0,legitimate,legitimate,https://servicestrategies.com/,https://servicestrategies.com/,accessible,1,1,200.0,https://www.servicestrategies.com/,text/html,121368,1,1,,,2026-09-04T06:17:43.983670+00:00
https://www.diyhomeautomation.com.au/,https://www.diyhomeautomation.com.au/,diyhomeautomation.com.au,scamferret,online_shopping,0,legitimate,legitimate,https://www.diyhomeautomation.com.au/,https://www.diyhomeautomation.com.au/,accessible,1,1,200.0,https://www.diyhomeautomation.com.au/,text/html,440719,0,1,,,2026-09-04T06:18:03.786923+00:00
https://www.behl.com.hk/en/global/home.php,https://www.behl.com.hk/en/global/home.php,behl.com.hk,scamferret,investment,0,legitimate,legitimate,https://www.behl.com.hk/en/global/home.php,https://www.behl.com.hk/en/global/home.php,accessible,1,1,200.0,https://www.behl.com.hk/en/global/home.php,text/html,35307,0,1,,,2026-09-04T06:18:27.579530+00:00
https://www.compassionatexpression.com/,https://www.compassionatexpression.com/,compassionatexpression.com,scamferret,online_shopping,0,legitimate,legitimate,https://www.compassionatexpression.com/,https://www.compassionatexpression.com/,accessible,1,1,200.0,https://www.compassionatexpression.com/,text/html,144232,0,1,,,2026-09-04T06:18:33.105081+00:00
https://www.running-point.com/,https://www.running-point.com,running-point.com,mendeley,online_shopping,0,legitimate,legitimate,https://www.running-point.com/,https://www.running-point.com/,accessible,1,1,200.0,https://www.running-point.com/,text/html,1011939,0,1,,,2026-09-04T06:18:37.172346+00:00
http://j2scientific.com/,http://j2scientific.com/,j2scientific.com,scamferret,technical_support,0,legitimate,legitimate,http://j2scientific.com/,http://j2scientific.com/,accessible,1,1,200.0,https://j2scientific.com/,text/html,160015,1,1,,,2026-09-04T06:19:03.359958+00:00
https://www.gerrybrownejewellers.ie/,https://www.gerrybrownejewellers.ie,gerrybrownejewellers.ie,mendeley,online_shopping,0,legitimate,legitimate,https://www.gerrybrownejewellers.ie/,https://www.gerrybrownejewellers.ie/,accessible,1,1,200.0,https://www.gerrybrownejewellers.ie/,text/html,1268,0,1,,,2026-09-04T06:19:17.638760+00:00
https://www.petstop.ie/,https://www.petstop.ie,petstop.ie,mendeley,online_shopping,0,legitimate,legitimate,https://www.petstop.ie/,https://www.petstop.ie/,accessible,1,1,200.0,https://www.petstop.ie/,text/html,447943,0,1,,,2026-09-04T06:19:42.413389+00:00
https://www.gottalive.com/,https://www.gottalive.com,gottalive.com,mendeley,online_shopping,0,legitimate,legitimate,https://www.gottalive.com/,https://www.gottalive.com/,accessible,1,1,200.0,https://www.gottalive.com/,text/html,53854,0,1,,,2026-09-04T06:19:57.744124+00:00
https://got-bag.com/,https://got-bag.com,got-bag.com,mendeley,online_shopping,0,legitimate,legitimate,https://got-bag.com/,https://got-bag.com/,accessible,1,1,200.0,https://got-bag.com/,text/html,367079,0,1,,,2026-09-04T06:20:00.324839+00:00
https://www.outfittersatellite.com/,https://www.outfittersatellite.com/,outfittersatellite.com,scamferret,technical_support,0,legitimate,legitimate,https://www.outfittersatellite.com/,https://www.outfittersatellite.com/,accessible,1,1,200.0,https://www.outfittersatellite.com/,text/html,275806,0,1,,,2026-09-04T06:20:09.064354+00:00
https://www.nordblom.com/,https://www.nordblom.com/,nordblom.com,scamferret,investment,0,legitimate,legitimate,https://www.nordblom.com/,https://www.nordblom.com/,accessible,1,1,200.0,https://www.nordblom.com/,text/html,56472,0,1,,,2026-09-04T06:20:19.435715+00:00
https://www.fxleaders.com/,https://www.fxleaders.com/,fxleaders.com,scamferret,cryptocurrency,0,legitimate,legitimate,https://www.fxleaders.com/,https://www.fxleaders.com/,accessible,1,1,200.0,https://www.fxleaders.com/,text/html,597400,0,1,,,2026-09-04T06:20:22.912485+00:00
https://breakmark.com/,https://breakmark.com/,breakmark.com,scamferret,online_shopping,0,legitimate,legitimate,https://breakmark.com/,https://breakmark.com/,accessible,1,1,200.0,https://www.breakmark.com/,text/html,3972,1,1,,,2026-09-04T06:20:26.301957+00:00
https://archerywarehouse.com/,https://archerywarehouse.com/,archerywarehouse.com,scamferret,online_shopping,0,legitimate,legitimate,https://archerywarehouse.com/,https://archerywarehouse.com/,accessible,1,1,200.0,https://archerywarehouse.com/,text/html,798459,0,1,,,2026-09-04T06:20:33.632845+00:00
https://minoti.com/en,https://minoti.com/en,minoti.com,mendeley,online_shopping,0,legitimate,legitimate,https://minoti.com/en,https://minoti.com/en,accessible,1,1,200.0,https://minoti.com/,text/html,544199,1,1,,,2026-09-04T06:20:36.656026+00:00
https://hubbardresearch.com/,https://hubbardresearch.com/,hubbardresearch.com,scamferret,investment,0,legitimate,legitimate,https://hubbardresearch.com/,https://hubbardresearch.com/,accessible,1,1,200.0,https://hubbardresearch.com/,text/html,275389,0,1,,,2026-09-04T06:21:09.728765+00:00
https://www.bikeworld.ie/,https://www.bikeworld.ie,bikeworld.ie,mendeley,online_shopping,0,legitimate,legitimate,https://www.bikeworld.ie/,https://www.bikeworld.ie/,accessible,1,1,200.0,https://bikeworld.ie/,text/html,534483,1,1,,,2026-09-04T06:21:27.051084+00:00
https://coincraddle.com/,https://coincraddle.com/,coincraddle.com,scamferret,cryptocurrency,0,legitimate,legitimate,https://coincraddle.com/,https://coincraddle.com/,accessible,1,1,200.0,https://coincraddle.com/,text/html,153559,0,1,,,2026-09-04T06:21:35.085606+00:00
https://www.westwoodsleepcenters.com/,https://www.westwoodsleepcenters.com/,westwoodsleepcenters.com,scamferret,online_shopping,0,legitimate,legitimate,https://www.westwoodsleepcenters.com/,https://www.westwoodsleepcenters.com/,accessible,1,1,200.0,https://www.westwoodsleepcenters.com/,text/html,163748,0,1,,,2026-09-04T06:21:37.230079+00:00
https://www.swaens.nl/en,https://www.swaens.nl/en,swaens.nl,mendeley,online_shopping,0,legitimate,legitimate,https://www.swaens.nl/en,https://www.swaens.nl/en,accessible,1,1,200.0,https://www.swaens.nl/en/,text/html,162364,1,1,,,2026-09-04T06:21:57.209181+00:00
https://www.vynokerai.lt/,https://www.vynokerai.lt,vynokerai.lt,mendeley,online_shopping,0,legitimate,legitimate,https://www.vynokerai.lt/,https://www.vynokerai.lt/,accessible,1,1,200.0,https://www.vynokerai.lt/,text/html,87085,0,1,,,2026-09-04T06:22:05.781408+00:00
https://www.creoven.eu/,https://www.creoven.eu,creoven.eu,mendeley,online_shopping,0,legitimate,legitimate,https://www.creoven.eu/,https://www.creoven.eu/,accessible,1,1,200.0,https://www.creoven.eu/,text/html,385512,0,1,,,2026-09-04T06:22:11.035623+00:00
https://www.tti.de/,https://www.tti.de/,tti.de,scamferret,technical_support,0,legitimate,legitimate,https://www.tti.de/,https://www.tti.de/,accessible,1,1,200.0,https://www.tti.de/,text/html,62021,0,1,,,2026-09-04T06:22:24.296397+00:00
http://www.smart-soft.co.uk/,http://www.smart-soft.co.uk/,smart-soft.co.uk,scamferret,technical_support,0,legitimate,legitimate,http://www.smart-soft.co.uk/,http://www.smart-soft.co.uk/,accessible,1,1,200.0,http://www.smart-soft.co.uk/,text/html,40936,0,1,,,2026-09-04T06:22:27.020276+00:00
https://juventas-vet.com/,https://juventas-vet.com,juventas-vet.com,mendeley,online_shopping,0,legitimate,legitimate,https://juventas-vet.com/,https://juventas-vet.com/,accessible,1,1,200.0,https://juventas-vet.com/,text/html,177961,0,1,,,2026-09-04T06:22:36.838992+00:00
https://www.enzorepublika.cz/,https://www.enzorepublika.cz,enzorepublika.cz,mendeley,online_shopping,0,legitimate,legitimate,https://www.enzorepublika.cz/,https://www.enzorepublika.cz/,accessible,1,1,200.0,https://www.enzorepublika.cz/,text/html,117949,0,1,,,2026-09-04T06:22:39.720184+00:00
http://www.millerhats.com/,http://www.millerhats.com/,millerhats.com,scamferret,online_shopping,0,legitimate,legitimate,http://www.millerhats.com/,http://www.millerhats.com/,accessible,1,1,200.0,https://millerhats.com/,text/html,621089,1,1,,,2026-09-04T06:22:43.583243+00:00
https://www.shedsdirectireland.com/,https://www.shedsdirectireland.com,shedsdirectireland.com,mendeley,online_shopping,0,legitimate,legitimate,https://www.shedsdirectireland.com/,https://www.shedsdirectireland.com/,accessible,1,1,200.0,https://www.shedsdirectireland.com/,text/html,606720,0,1,,,2026-09-04T06:23:05.574410+00:00
http://www.investinip.com/,http://www.investinip.com/,investinip.com,scamferret,investment,0,legitimate,legitimate,http://www.investinip.com/,http://www.investinip.com/,accessible,1,1,200.0,http://www.investinip.com/,text/html,65115,0,1,,,2026-09-04T06:23:09.622207+00:00
https://www.marliesdekkers.com/,https://www.marliesdekkers.com,marliesdekkers.com,mendeley,online_shopping,0,legitimate,legitimate,https://www.marliesdekkers.com/,https://www.marliesdekkers.com/,accessible,1,1,200.0,https://www.marliesdekkers.com/,text/html,576355,0,1,,,2026-09-04T06:23:13.518942+00:00
https://www.tridentcap.com/,https://www.tridentcap.com/,tridentcap.com,scamferret,investment,0,legitimate,legitimate,https://www.tridentcap.com/,https://www.tridentcap.com/,accessible,1,1,200.0,https://www.tridentcap.com/,text/html,30849,0,1,,,2026-09-04T06:23:16.269517+00:00
https://leadertec.com/,https://leadertec.com/,leadertec.com,scamferret,online_shopping,0,legitimate,legitimate,https://leadertec.com/,https://leadertec.com/,accessible,1,1,200.0,https://leadertec.com/,text/html,385642,0,1,,,2026-09-04T06:23:26.524637+00:00
