url,original_url,registrable_domain,source,source_category,binary_label,scam_category,original_label
https://denimtearsnl.com/,https://denimtearsnl.com/,denimtearsnl.com,scamferret_expanded_2025,online_shopping,1,online_shopping,scam
https://advancedglobaltrades.online/,https://advancedglobaltrades.online/,advancedglobaltrades.online,scamferret_expanded_2025,investment,1,investment,scam
https://juliebrun.shop/,https://juliebrun.shop/,juliebrun.shop,scamferret_expanded_2025,online_shopping,1,online_shopping,scam
https://trustbank.finance/,https://trustbank.finance/,trustbank.finance,scamferret_expanded_2025,investment,1,investment,scam
https://infivetrade.com/,https://infivetrade.com/,infivetrade.com,scamferret_expanded_2025,investment,1,investment,scam
https://hhhe1.com/,https://hhhe1.com/,hhhe1.com,scamferret_expanded_2025,cryptocurrency,1,cryptocurrency,scam
https://www.prestigetradecapital.ackisaffiliate.com/,https://www.prestigetradecapital.ackisaffiliate.com/,ackisaffiliate.com,scamferret_expanded_2025,investment,1,investment,scam
https://derealworldpro.com.bitbullminingpro.com/,https://derealworldpro.com.bitbullminingpro.com/,bitbullminingpro.com,scamferret_expanded_2025,cryptocurrency,1,cryptocurrency,scam
https://royrobert.shop/,https://royrobert.shop/,royrobert.shop,scamferret_expanded_2025,online_shopping,1,online_shopping,scam
https://www.wikipood.xyz/wp-admin/mywall/verify.html,https://www.wikipood.xyz/wp-admin/mywall/verify.html,wikipood.xyz,scamferret_expanded_2025,cryptocurrency,1,cryptocurrency,scam
https://sfscee.icu/,https://sfscee.icu/,sfscee.icu,scamferret_expanded_2025,online_shopping,1,online_shopping,scam
https://www.info.authv3vault.com/,https://www.info.authv3vault.com/,authv3vault.com,scamferret_expanded_2025,cryptocurrency,1,cryptocurrency,scam
https://ericholley.shop/,https://ericholley.shop/,ericholley.shop,scamferret_expanded_2025,online_shopping,1,online_shopping,scam
https://roiview.pro/,https://roiview.pro/,roiview.pro,scamferret_expanded_2025,investment,1,investment,scam
https://arunodhayajebamani.shop/,https://arunodhayajebamani.shop/,arunodhayajebamani.shop,scamferret_expanded_2025,online_shopping,1,online_shopping,scam
http://uicexak.com/,http://uicexak.com/,uicexak.com,scamferret_expanded_2025,cryptocurrency,1,cryptocurrency,scam
https://expresscapitalmargin.com/,https://expresscapitalmargin.com/,expresscapitalmargin.com,scamferret_expanded_2025,investment,1,investment,scam
https://www.rozcordini.shop/,https://www.rozcordini.shop/,rozcordini.shop,scamferret_expanded_2025,online_shopping,1,online_shopping,scam
https://www.tenniealarcon.shop/,https://www.tenniealarcon.shop/,tenniealarcon.shop,scamferret_expanded_2025,online_shopping,1,online_shopping,scam
https://www.onetrustdex.live/,https://www.onetrustdex.live/,onetrustdex.live,scamferret_expanded_2025,cryptocurrency,1,cryptocurrency,scam
https://affluence-prime-master.xyz/,https://affluence-prime-master.xyz/,affluence-prime-master.xyz,scamferret_expanded_2025,investment,1,investment,scam
https://bestrdway.com/,https://bestrdway.com/,bestrdway.com,scamferret_expanded_2025,investment,1,investment,scam
http://uicexat.com/,http://uicexat.com/,uicexat.com,scamferret_expanded_2025,cryptocurrency,1,cryptocurrency,scam
https://qkljsjgjes.icu/,https://qkljsjgjes.icu/,qkljsjgjes.icu,scamferret_expanded_2025,online_shopping,1,online_shopping,scam
https://ctmarket.org/,https://ctmarket.org/,ctmarket.org,scamferret_expanded_2025,investment,1,investment,scam
https://grokrse.com/,https://grokrse.com/,grokrse.com,scamferret_expanded_2025,cryptocurrency,1,cryptocurrency,scam
https://dobibo6.com/,https://dobibo6.com/,dobibo6.com,scamferret_expanded_2025,cryptocurrency,1,cryptocurrency,scam
https://www.harrysaladin.shop/,https://www.harrysaladin.shop/,harrysaladin.shop,scamferret_expanded_2025,online_shopping,1,online_shopping,scam
https://nexusshperefx.com/,https://nexusshperefx.com/,nexusshperefx.com,scamferret_expanded_2025,investment,1,investment,scam
https://gggg001.com/pc/,https://gggg001.com/pc/,gggg001.com,scamferret_expanded_2025,cryptocurrency,1,cryptocurrency,scam
https://test.quanstelledger.com/,https://test.quanstelledger.com/,quanstelledger.com,scamferret_expanded_2025,investment,1,investment,scam
https://dhankuberweb.softtrixsoftware.in/,https://dhankuberweb.softtrixsoftware.in/,softtrixsoftware.in,scamferret_expanded_2025,investment,1,investment,scam
https://www.caraharris.shop/,https://www.caraharris.shop/,caraharris.shop,scamferret_expanded_2025,online_shopping,1,online_shopping,scam
https://mail.stripetrade.com/,https://mail.stripetrade.com/,stripetrade.com,scamferret_expanded_2025,investment,1,investment,scam
https://derealworldpro.com/,https://derealworldpro.com/,derealworldpro.com,scamferret_expanded_2025,cryptocurrency,1,cryptocurrency,scam
https://trade.devprofx.com/,https://trade.devprofx.com/,devprofx.com,scamferret_expanded_2025,investment,1,investment,scam
https://www.bbglobal.net/,https://www.bbglobal.net/,bbglobal.net,scamferret_expanded_2025,investment,1,investment,scam
https://grokrc9idd.com/,https://grokrc9idd.com/,grokrc9idd.com,scamferret_expanded_2025,cryptocurrency,1,cryptocurrency,scam
https://melindapoulton.shop/,https://melindapoulton.shop/,melindapoulton.shop,scamferret_expanded_2025,online_shopping,1,online_shopping,scam
https://marlenemuir.shop/,https://marlenemuir.shop/,marlenemuir.shop,scamferret_expanded_2025,online_shopping,1,online_shopping,scam
https://user.tradeshark.ltd/,https://user.tradeshark.ltd/,tradeshark.ltd,scamferret_expanded_2025,investment,1,investment,scam
https://frontier.aureogolden.cc/,https://frontier.aureogolden.cc/,aureogolden.cc,scamferret_expanded_2025,investment,1,investment,scam
https://grok-zen.com/,https://grok-zen.com/,grok-zen.com,scamferret_expanded_2025,cryptocurrency,1,cryptocurrency,scam
https://coindeck.net/?shiny,https://coindeck.net/?shiny,coindeck.net,scamferret_expanded_2025,cryptocurrency,1,cryptocurrency,scam
https://st-lighter.com/about-us/,https://st-lighter.com/about-us/,st-lighter.com,scamferret_expanded_2025,online_shopping,1,online_shopping,scam
http://joelletarayre.shop/,http://joelletarayre.shop/,joelletarayre.shop,scamferret_expanded_2025,online_shopping,1,online_shopping,scam
https://pancake.vb4n.xyz/,https://pancake.vb4n.xyz/,vb4n.xyz,scamferret_expanded_2025,cryptocurrency,1,cryptocurrency,scam
https://francoisemouret.shop/,https://francoisemouret.shop/,francoisemouret.shop,scamferret_expanded_2025,online_shopping,1,online_shopping,scam
https://www.swiftedgecapita.com/,https://www.swiftedgecapita.com/,swiftedgecapita.com,scamferret_expanded_2025,investment,1,investment,scam
https://earnfromhomessidehustle.com/,https://earnfromhomessidehustle.com/,earnfromhomessidehustle.com,scamferret_expanded_2025,investment,1,investment,scam
https://premiumcryptooptions.com.megasmarttradingoptions.com/,https://premiumcryptooptions.com.megasmarttradingoptions.com/,megasmarttradingoptions.com,scamferret_expanded_2025,cryptocurrency,1,cryptocurrency,scam
https://www.claraparent.shop/,https://www.claraparent.shop/,claraparent.shop,scamferret_expanded_2025,online_shopping,1,online_shopping,scam
https://pancakeswap.finance-v3-wallet-apps-connect.com/online.php,https://pancakeswap.finance-v3-wallet-apps-connect.com/online.php,finance-v3-wallet-apps-connect.com,scamferret_expanded_2025,cryptocurrency,1,cryptocurrency,scam
https://michelaconti.shop/,https://michelaconti.shop/,michelaconti.shop,scamferret_expanded_2025,online_shopping,1,online_shopping,scam
https://home.grudlixdigitalhub.com/,https://home.grudlixdigitalhub.com/,grudlixdigitalhub.com,scamferret_expanded_2025,investment,1,investment,scam
https://ulandhallowes.shop/,https://ulandhallowes.shop/,ulandhallowes.shop,scamferret_expanded_2025,online_shopping,1,online_shopping,scam
https://grokrbbio.com/,https://grokrbbio.com/,grokrbbio.com,scamferret_expanded_2025,cryptocurrency,1,cryptocurrency,scam
https://uzexof.com/,https://uzexof.com/,uzexof.com,scamferret_expanded_2025,cryptocurrency,1,cryptocurrency,scam
https://acapitaltrading.in/,https://acapitaltrading.in/,acapitaltrading.in,scamferret_expanded_2025,investment,1,investment,scam
https://www.koinfidelity.com/,https://www.koinfidelity.com/,koinfidelity.com,scamferret_expanded_2025,investment,1,investment,scam
http://uicexay.com/,http://uicexay.com/,uicexay.com,scamferret_expanded_2025,cryptocurrency,1,cryptocurrency,scam
https://summeratmosphere.shop/,https://summeratmosphere.shop/,summeratmosphere.shop,scamferret_expanded_2025,online_shopping,1,online_shopping,scam
https://malenapena.shop/,https://malenapena.shop/,malenapena.shop,scamferret_expanded_2025,online_shopping,1,online_shopping,scam
https://rpc-webprotocol.online/en/,https://rpc-webprotocol.online/en/,rpc-webprotocol.online,scamferret_expanded_2025,cryptocurrency,1,cryptocurrency,scam
https://uicexag.com/,https://uicexag.com/,uicexag.com,scamferret_expanded_2025,cryptocurrency,1,cryptocurrency,scam
https://uicexaq.com/,https://uicexaq.com/,uicexaq.com,scamferret_expanded_2025,cryptocurrency,1,cryptocurrency,scam
https://autopremiertrade.com/,https://autopremiertrade.com/,autopremiertrade.com,scamferret_expanded_2025,investment,1,investment,scam
http://benstanley.shop/,http://benstanley.shop/,benstanley.shop,scamferret_expanded_2025,online_shopping,1,online_shopping,scam
https://www.jennifershoemaker.shop/,https://www.jennifershoemaker.shop/,jennifershoemaker.shop,scamferret_expanded_2025,online_shopping,1,online_shopping,scam
https://new.crypto-world.online/,https://new.crypto-world.online/,crypto-world.online,scamferret_expanded_2025,cryptocurrency,1,cryptocurrency,scam
http://dd14.cfd/,http://dd14.cfd/,dd14.cfd,scamferret_expanded_2025,online_shopping,1,online_shopping,scam
https://quantumledgerfx.indexcm-t.com/,https://quantumledgerfx.indexcm-t.com/,indexcm-t.com,scamferret_expanded_2025,investment,1,investment,scam
https://www.rosaau.shop/,https://www.rosaau.shop/,rosaau.shop,scamferret_expanded_2025,online_shopping,1,online_shopping,scam
https://txexywy.com/,https://txexywy.com/,txexywy.com,scamferret_expanded_2025,cryptocurrency,1,cryptocurrency,scam
https://prime-quantumic.com/,https://prime-quantumic.com/,prime-quantumic.com,scamferret_expanded_2025,investment,1,investment,scam
https://abigailbugbee.shop/,https://abigailbugbee.shop/,abigailbugbee.shop,scamferret_expanded_2025,online_shopping,1,online_shopping,scam
https://pancakeswap.finance-app-v6-connect-waliet.com/myswap.php,https://pancakeswap.finance-app-v6-connect-waliet.com/myswap.php,finance-app-v6-connect-waliet.com,scamferret_expanded_2025,cryptocurrency,1,cryptocurrency,scam
https://dobibo32.com/,https://dobibo32.com/,dobibo32.com,scamferret_expanded_2025,cryptocurrency,1,cryptocurrency,scam
https://luminaryvestx.limited/en/,https://luminaryvestx.limited/en/,luminaryvestx.limited,scamferret_expanded_2025,investment,1,investment,scam
https://clydesgrow.com/,https://clydesgrow.com/,clydesgrow.com,scamferret_expanded_2025,investment,1,investment,scam
https://fortunefoundersllc.com/,https://fortunefoundersllc.com/,fortunefoundersllc.com,scamferret_expanded_2025,investment,1,investment,scam
https://grokrd.com/,https://grokrd.com/,grokrd.com,scamferret_expanded_2025,cryptocurrency,1,cryptocurrency,scam
https://acceber.shop/,https://acceber.shop/,acceber.shop,scamferret_expanded_2025,online_shopping,1,online_shopping,scam
https://txexykt.com/,https://txexykt.com/,txexykt.com,scamferret_expanded_2025,cryptocurrency,1,cryptocurrency,scam
https://advancedglobaltrades.com/,https://advancedglobaltrades.com/,advancedglobaltrades.com,scamferret_expanded_2025,investment,1,investment,scam
http://senadabajric.shop/,http://senadabajric.shop/,senadabajric.shop,scamferret_expanded_2025,online_shopping,1,online_shopping,scam
http://txexet.com/,http://txexet.com/,txexet.com,scamferret_expanded_2025,cryptocurrency,1,cryptocurrency,scam
https://www.mameisakha.shop/,https://www.mameisakha.shop/,mameisakha.shop,scamferret_expanded_2025,online_shopping,1,online_shopping,scam
https://uicexce.com/,https://uicexce.com/,uicexce.com,scamferret_expanded_2025,cryptocurrency,1,cryptocurrency,scam
https://www.openid.bliszupfxe.com/,https://www.openid.bliszupfxe.com/,bliszupfxe.com,scamferret_expanded_2025,investment,1,investment,scam
https://pancakeswap.finance-v2-app-connecct-waliets.com/online.php,https://pancakeswap.finance-v2-app-connecct-waliets.com/online.php,finance-v2-app-connecct-waliets.com,scamferret_expanded_2025,cryptocurrency,1,cryptocurrency,scam
https://lorijogresowski.shop/,https://lorijogresowski.shop/,lorijogresowski.shop,scamferret_expanded_2025,online_shopping,1,online_shopping,scam
https://dianatsadourian.shop/,https://dianatsadourian.shop/,dianatsadourian.shop,scamferret_expanded_2025,online_shopping,1,online_shopping,scam
https://onwardcapital.info/,https://onwardcapital.info/,onwardcapital.info,scamferret_expanded_2025,investment,1,investment,scam
https://txexycq.com/,https://txexycq.com/,txexycq.com,scamferret_expanded_2025,cryptocurrency,1,cryptocurrency,scam
https://expertpropfunding.com/,https://expertpropfunding.com/,expertpropfunding.com,scamferret_expanded_2025,investment,1,investment,scam
https://uicexax.com/,https://uicexax.com/,uicexax.com,scamferret_expanded_2025,cryptocurrency,1,cryptocurrency,scam
https://blaze-reward.org/,https://blaze-reward.org/,blaze-reward.org,scamferret_expanded_2025,cryptocurrency,1,cryptocurrency,scam
https://sandrabrochu.shop/,https://sandrabrochu.shop/,sandrabrochu.shop,scamferret_expanded_2025,online_shopping,1,online_shopping,scam
https://247elitetrade.com.globalelitetrades.net/,https://247elitetrade.com.globalelitetrades.net/,globalelitetrades.net,scamferret_expanded_2025,cryptocurrency,1,cryptocurrency,scam
https://capitaleliteplus.com/,https://capitaleliteplus.com/,capitaleliteplus.com,scamferret_expanded_2025,cryptocurrency,1,cryptocurrency,scam
https://slkvdd.zboocak.cfd/xkbfut,https://slkvdd.zboocak.cfd/xkbfut,zboocak.cfd,scamferret_expanded_2025,investment,1,investment,scam
https://mosheceline.shop/,https://mosheceline.shop/,mosheceline.shop,scamferret_expanded_2025,online_shopping,1,online_shopping,scam
https://new.apexvalueltd.com/,https://new.apexvalueltd.com/,apexvalueltd.com,scamferret_expanded_2025,investment,1,investment,scam
https://whouoshop.cc/,https://whouoshop.cc/,whouoshop.cc,scamferret_expanded_2025,online_shopping,1,online_shopping,scam
https://www.dorcschumacher.shop/,https://www.dorcschumacher.shop/,dorcschumacher.shop,scamferret_expanded_2025,online_shopping,1,online_shopping,scam
https://txexyes.com/,https://txexyes.com/,txexyes.com,scamferret_expanded_2025,cryptocurrency,1,cryptocurrency,scam
https://dobibops.com/,https://dobibops.com/,dobibops.com,scamferret_expanded_2025,cryptocurrency,1,cryptocurrency,scam
https://finaxpert24.com/,https://finaxpert24.com/,finaxpert24.com,scamferret_expanded_2025,investment,1,investment,scam
https://kellicalan.shop/,https://kellicalan.shop/,kellicalan.shop,scamferret_expanded_2025,online_shopping,1,online_shopping,scam
https://tokengrowthmarket.com/,https://tokengrowthmarket.com/,tokengrowthmarket.com,scamferret_expanded_2025,investment,1,investment,scam
https://cameycresor.shop/,https://cameycresor.shop/,cameycresor.shop,scamferret_expanded_2025,online_shopping,1,online_shopping,scam
https://web3vaultnetwork.com/connect/wallet,https://web3vaultnetwork.com/connect/wallet,web3vaultnetwork.com,scamferret_expanded_2025,cryptocurrency,1,cryptocurrency,scam
https://www.abdelmajidorchi.shop/,https://www.abdelmajidorchi.shop/,abdelmajidorchi.shop,scamferret_expanded_2025,online_shopping,1,online_shopping,scam
https://uzex2.com/,https://uzex2.com/,uzex2.com,scamferret_expanded_2025,cryptocurrency,1,cryptocurrency,scam
https://apexiostocks.live/,https://apexiostocks.live/,apexiostocks.live,scamferret_expanded_2025,investment,1,investment,scam
https://financialapextrade.com/,https://financialapextrade.com/,financialapextrade.com,scamferret_expanded_2025,investment,1,investment,scam
https://forexinfoglobal.com/,https://forexinfoglobal.com/,forexinfoglobal.com,scamferret_expanded_2025,investment,1,investment,scam
https://pancakeswap.finance-connect-wallets-v3-apps.com/online.php,https://pancakeswap.finance-connect-wallets-v3-apps.com/online.php,finance-connect-wallets-v3-apps.com,scamferret_expanded_2025,cryptocurrency,1,cryptocurrency,scam
https://txexyod.com/,https://txexyod.com/,txexyod.com,scamferret_expanded_2025,cryptocurrency,1,cryptocurrency,scam
https://app3.bitsokx.com/,https://app3.bitsokx.com/,bitsokx.com,scamferret_expanded_2025,cryptocurrency,1,cryptocurrency,scam
https://www.jaimepania.shop/,https://www.jaimepania.shop/,jaimepania.shop,scamferret_expanded_2025,online_shopping,1,online_shopping,scam
https://globalfx.octefx.com/,https://globalfx.octefx.com/,octefx.com,scamferret_expanded_2025,investment,1,investment,scam
https://www.pinnacletradegain.com/,https://www.pinnacletradegain.com/,pinnacletradegain.com,scamferret_expanded_2025,investment,1,investment,scam
https://dobibo55.com/,https://dobibo55.com/,dobibo55.com,scamferret_expanded_2025,cryptocurrency,1,cryptocurrency,scam
https://crest-assets.com/,https://crest-assets.com/,crest-assets.com,scamferret_expanded_2025,investment,1,investment,scam
https://dsjex321.com/,https://dsjex321.com/,dsjex321.com,scamferret_expanded_2025,cryptocurrency,1,cryptocurrency,scam
https://elitestockfx.fwctds.com/,https://elitestockfx.fwctds.com/,fwctds.com,scamferret_expanded_2025,investment,1,investment,scam
https://abrdn-defi.com/,https://abrdn-defi.com/,abrdn-defi.com,scamferret_expanded_2025,cryptocurrency,1,cryptocurrency,scam
https://coinsave.net/,https://coinsave.net/,coinsave.net,scamferret_expanded_2025,cryptocurrency,1,cryptocurrency,scam
https://moodysminer.mlmready.digital/,https://moodysminer.mlmready.digital/,mlmready.digital,scamferret_expanded_2025,investment,1,investment,scam
https://txexyen.com/,https://txexyen.com/,txexyen.com,scamferret_expanded_2025,cryptocurrency,1,cryptocurrency,scam
https://blockchaintradehua.com/,https://blockchaintradehua.com/,blockchaintradehua.com,scamferret_expanded_2025,cryptocurrency,1,cryptocurrency,scam
https://busilnesstiktokmall.com/,https://busilnesstiktokmall.com/,busilnesstiktokmall.com,scamferret_expanded_2025,online_shopping,1,online_shopping,scam
https://phantomstride.com/,https://phantomstride.com/,phantomstride.com,scamferret_expanded_2025,investment,1,investment,scam
https://dobibo13.com/,https://dobibo13.com/,dobibo13.com,scamferret_expanded_2025,cryptocurrency,1,cryptocurrency,scam
https://deravensburger.shop/,https://deravensburger.shop/,deravensburger.shop,scamferret_expanded_2025,online_shopping,1,online_shopping,scam
https://uzex4.com/,https://uzex4.com/,uzex4.com,scamferret_expanded_2025,cryptocurrency,1,cryptocurrency,scam
https://tradegridepro.com/,https://tradegridepro.com/,tradegridepro.com,scamferret_expanded_2025,investment,1,investment,scam
https://www.celinefernardoso.shop/,https://www.celinefernardoso.shop/,celinefernardoso.shop,scamferret_expanded_2025,online_shopping,1,online_shopping,scam
https://txexynp.com/,https://txexynp.com/,txexynp.com,scamferret_expanded_2025,cryptocurrency,1,cryptocurrency,scam
https://synclinkflrs.online/,https://synclinkflrs.online/,synclinkflrs.online,scamferret_expanded_2025,cryptocurrency,1,cryptocurrency,scam
https://www.kathleenflora.shop/,https://www.kathleenflora.shop/,kathleenflora.shop,scamferret_expanded_2025,online_shopping,1,online_shopping,scam
https://digitalmarketearn.top/,https://digitalmarketearn.top/,digitalmarketearn.top,scamferret_expanded_2025,investment,1,investment,scam
https://zenixhorizon.com/,https://zenixhorizon.com/,zenixhorizon.com,scamferret_expanded_2025,investment,1,investment,scam
https://mail.vertexmarketexch.com/,https://mail.vertexmarketexch.com/,vertexmarketexch.com,scamferret_expanded_2025,investment,1,investment,scam
https://tradersroom.co/amzn/en/index.html,https://tradersroom.co/amzn/en/index.html,tradersroom.co,scamferret_expanded_2025,investment,1,investment,scam
https://www.elitestocktrade.wctbds.com/,https://www.elitestocktrade.wctbds.com/,wctbds.com,scamferret_expanded_2025,investment,1,investment,scam
https://rewards-blaze.com/,https://rewards-blaze.com/,rewards-blaze.com,scamferret_expanded_2025,cryptocurrency,1,cryptocurrency,scam
https://www.aubreedearing.shop/,https://www.aubreedearing.shop/,aubreedearing.shop,scamferret_expanded_2025,online_shopping,1,online_shopping,scam
https://dsjex369.com/,https://dsjex369.com/,dsjex369.com,scamferret_expanded_2025,cryptocurrency,1,cryptocurrency,scam
http://uicexdw.com/,http://uicexdw.com/,uicexdw.com,scamferret_expanded_2025,cryptocurrency,1,cryptocurrency,scam
https://globallfxtrade.com/,https://globallfxtrade.com/,globallfxtrade.com,scamferret_expanded_2025,investment,1,investment,scam
https://christellecabon.shop/,https://christellecabon.shop/,christellecabon.shop,scamferret_expanded_2025,online_shopping,1,online_shopping,scam
https://pancakeswap.finance-v2-api-apps-wallets-connect.com/myswap.php,https://pancakeswap.finance-v2-api-apps-wallets-connect.com/myswap.php,finance-v2-api-apps-wallets-connect.com,scamferret_expanded_2025,cryptocurrency,1,cryptocurrency,scam
https://coinfloortrade.com/,https://coinfloortrade.com/,coinfloortrade.com,scamferret_expanded_2025,investment,1,investment,scam
https://elitetradeforge.site/,https://elitetradeforge.site/,elitetradeforge.site,scamferret_expanded_2025,investment,1,investment,scam
https://dobibopk.com/,https://dobibopk.com/,dobibopk.com,scamferret_expanded_2025,cryptocurrency,1,cryptocurrency,scam
https://www.prestigetradecapital.com/,https://www.prestigetradecapital.com/,prestigetradecapital.com,scamferret_expanded_2025,investment,1,investment,scam
https://fundingexchangetips.live/,https://fundingexchangetips.live/,fundingexchangetips.live,scamferret_expanded_2025,investment,1,investment,scam
https://www.annavantveer.shop/,https://www.annavantveer.shop/,annavantveer.shop,scamferret_expanded_2025,online_shopping,1,online_shopping,scam
https://tradexcentral.com/,https://tradexcentral.com/,tradexcentral.com,scamferret_expanded_2025,investment,1,investment,scam
https://bitfeechart.live/,https://bitfeechart.live/,bitfeechart.live,scamferret_expanded_2025,investment,1,investment,scam
https://www.robsonmoyer.shop/,https://www.robsonmoyer.shop/,robsonmoyer.shop,scamferret_expanded_2025,online_shopping,1,online_shopping,scam
https://www.pascaljeantet.shop/,https://www.pascaljeantet.shop/,pascaljeantet.shop,scamferret_expanded_2025,online_shopping,1,online_shopping,scam
https://www.capgrowthlim.com.marktvangp.com/,https://www.capgrowthlim.com.marktvangp.com/,marktvangp.com,scamferret_expanded_2025,investment,1,investment,scam
https://qsjkuk.com/,https://qsjkuk.com/,qsjkuk.com,scamferret_expanded_2025,cryptocurrency,1,cryptocurrency,scam
https://ingeborgpol.shop/,https://ingeborgpol.shop/,ingeborgpol.shop,scamferret_expanded_2025,online_shopping,1,online_shopping,scam
https://dobibo53.com/,https://dobibo53.com/,dobibo53.com,scamferret_expanded_2025,cryptocurrency,1,cryptocurrency,scam
https://uicexyu.com/,https://uicexyu.com/,uicexyu.com,scamferret_expanded_2025,cryptocurrency,1,cryptocurrency,scam
https://vitoloptions.com/,https://vitoloptions.com/,vitoloptions.com,scamferret_expanded_2025,investment,1,investment,scam
https://web3.xpdaspweodr.com/,https://web3.xpdaspweodr.com/,xpdaspweodr.com,scamferret_expanded_2025,cryptocurrency,1,cryptocurrency,scam
https://www.sterlingvestmarket.com/,https://www.sterlingvestmarket.com/,sterlingvestmarket.com,scamferret_expanded_2025,investment,1,investment,scam
https://6dyjzzto.manufactually.my.id/help/?11401609141076,https://6dyjzzto.manufactually.my.id/help/?11401609141076,manufactually.my.id,scamferret_expanded_2025,technical_support,1,technical_support,scam
https://dorisdesantis.shop/,https://dorisdesantis.shop/,dorisdesantis.shop,scamferret_expanded_2025,online_shopping,1,online_shopping,scam
https://amysloan.shop/,https://amysloan.shop/,amysloan.shop,scamferret_expanded_2025,online_shopping,1,online_shopping,scam
https://www.bitronix.mlmsoftwareservices.com/,https://www.bitronix.mlmsoftwareservices.com/,mlmsoftwareservices.com,scamferret_expanded_2025,investment,1,investment,scam
https://alphaprimesfx.com/,https://alphaprimesfx.com/,alphaprimesfx.com,scamferret_expanded_2025,investment,1,investment,scam
https://www.noble-man.algo-marketmaster.net/,https://www.noble-man.algo-marketmaster.net/,algo-marketmaster.net,scamferret_expanded_2025,investment,1,investment,scam
https://primevestpartners.com/,https://primevestpartners.com/,primevestpartners.com,scamferret_expanded_2025,investment,1,investment,scam
https://www.new.topindexstock.com/,https://www.new.topindexstock.com/,topindexstock.com,scamferret_expanded_2025,investment,1,investment,scam
https://ronaldmccabe.shop/,https://ronaldmccabe.shop/,ronaldmccabe.shop,scamferret_expanded_2025,online_shopping,1,online_shopping,scam
https://timandantony.com/m8tv,https://timandantony.com/m8tv,timandantony.com,scamferret_expanded_2025,cryptocurrency,1,cryptocurrency,scam
https://shopmetro.shop/,https://shopmetro.shop/,shopmetro.shop,scamferret_expanded_2025,online_shopping,1,online_shopping,scam
https://www.annmariebartz.shop/,https://www.annmariebartz.shop/,annmariebartz.shop,scamferret_expanded_2025,online_shopping,1,online_shopping,scam
https://digitalcryptopro.net/,https://digitalcryptopro.net/,digitalcryptopro.net,scamferret_expanded_2025,investment,1,investment,scam
https://smartfxcenter.com/,https://smartfxcenter.com/,smartfxcenter.com,scamferret_expanded_2025,investment,1,investment,scam
https://lombardapp.site/,https://lombardapp.site/,lombardapp.site,scamferret_expanded_2025,cryptocurrency,1,cryptocurrency,scam
https://globalleadershipinvestment.com/,https://globalleadershipinvestment.com/,globalleadershipinvestment.com,scamferret_expanded_2025,investment,1,investment,scam
https://trade.sosqq.cn/,https://trade.sosqq.cn/,sosqq.cn,scamferret_expanded_2025,cryptocurrency,1,cryptocurrency,scam
https://txexyfp.com/,https://txexyfp.com/,txexyfp.com,scamferret_expanded_2025,cryptocurrency,1,cryptocurrency,scam
https://www.uriahmalachi.shop/,https://www.uriahmalachi.shop/,uriahmalachi.shop,scamferret_expanded_2025,online_shopping,1,online_shopping,scam
https://www.deanieiard.shop/,https://www.deanieiard.shop/,deanieiard.shop,scamferret_expanded_2025,online_shopping,1,online_shopping,scam
http://uicexdt.com/,http://uicexdt.com/,uicexdt.com,scamferret_expanded_2025,cryptocurrency,1,cryptocurrency,scam
https://www.repettocanada.com/,https://www.repettocanada.com/,repettocanada.com,scamferret_expanded_2025,online_shopping,1,online_shopping,scam
https://www.marierenault.shop/,https://www.marierenault.shop/,marierenault.shop,scamferret_expanded_2025,online_shopping,1,online_shopping,scam
https://azuredetkr.com/,https://azuredetkr.com/,azuredetkr.com,scamferret_expanded_2025,online_shopping,1,online_shopping,scam
https://ftraderoption.com.uniontradecapitafx.com/,https://ftraderoption.com.uniontradecapitafx.com/,uniontradecapitafx.com,scamferret_expanded_2025,investment,1,investment,scam
https://www.exnova.digital/,https://www.exnova.digital/,exnova.digital,scamferret_expanded_2025,investment,1,investment,scam
https://www.johnbazzell.shop/,https://www.johnbazzell.shop/,johnbazzell.shop,scamferret_expanded_2025,online_shopping,1,online_shopping,scam
https://professionalrealtra.com/,https://professionalrealtra.com/,professionalrealtra.com,scamferret_expanded_2025,investment,1,investment,scam
https://www.noeliarodrigu.shop/,https://www.noeliarodrigu.shop/,noeliarodrigu.shop,scamferret_expanded_2025,online_shopping,1,online_shopping,scam
https://www.lisaogaz.shop/,https://www.lisaogaz.shop/,lisaogaz.shop,scamferret_expanded_2025,online_shopping,1,online_shopping,scam
https://uicexa.com/,https://uicexa.com/,uicexa.com,scamferret_expanded_2025,cryptocurrency,1,cryptocurrency,scam
https://neurafxtrades.com/,https://neurafxtrades.com/,neurafxtrades.com,scamferret_expanded_2025,investment,1,investment,scam
https://app.tnorswap.finance/swap/,https://app.tnorswap.finance/swap/,tnorswap.finance,scamferret_expanded_2025,cryptocurrency,1,cryptocurrency,scam
https://primaxmarkets.com/,https://primaxmarkets.com/,primaxmarkets.com,scamferret_expanded_2025,investment,1,investment,scam
https://trive.vip/,https://trive.vip/,trive.vip,scamferret_expanded_2025,cryptocurrency,1,cryptocurrency,scam
https://kaileypenagos.shop/,https://kaileypenagos.shop/,kaileypenagos.shop,scamferret_expanded_2025,online_shopping,1,online_shopping,scam
https://grokrex88.com/,https://grokrex88.com/,grokrex88.com,scamferret_expanded_2025,cryptocurrency,1,cryptocurrency,scam
https://txpojk.com/,https://txpojk.com/,txpojk.com,scamferret_expanded_2025,cryptocurrency,1,cryptocurrency,scam
https://www.veraroland.shop/,https://www.veraroland.shop/,veraroland.shop,scamferret_expanded_2025,online_shopping,1,online_shopping,scam
https://orbit-flux.com/,https://orbit-flux.com/,orbit-flux.com,scamferret_expanded_2025,cryptocurrency,1,cryptocurrency,scam
https://kxwhktke.com/,https://kxwhktke.com/,kxwhktke.com,scamferret_expanded_2025,online_shopping,1,online_shopping,scam
https://dawnlibrizzi.shop/,https://dawnlibrizzi.shop/,dawnlibrizzi.shop,scamferret_expanded_2025,online_shopping,1,online_shopping,scam
http://s-tt-shop.icu/,http://s-tt-shop.icu/,s-tt-shop.icu,scamferret_expanded_2025,online_shopping,1,online_shopping,scam
https://www.karenstuto.shop/,https://www.karenstuto.shop/,karenstuto.shop,scamferret_expanded_2025,online_shopping,1,online_shopping,scam
https://smartassetscapital.com/,https://smartassetscapital.com/,smartassetscapital.com,scamferret_expanded_2025,investment,1,investment,scam
https://dobibo33.com/,https://dobibo33.com/,dobibo33.com,scamferret_expanded_2025,cryptocurrency,1,cryptocurrency,scam
https://www.griffinjoseph.shop/,https://www.griffinjoseph.shop/,griffinjoseph.shop,scamferret_expanded_2025,online_shopping,1,online_shopping,scam
https://dobibo16.com/,https://dobibo16.com/,dobibo16.com,scamferret_expanded_2025,cryptocurrency,1,cryptocurrency,scam
https://www.jeber.shop/,https://www.jeber.shop/,jeber.shop,scamferret_expanded_2025,online_shopping,1,online_shopping,scam
https://www.nexinrich.com/,https://www.nexinrich.com/,nexinrich.com,scamferret_expanded_2025,investment,1,investment,scam
https://duelscaps.cfd/,https://duelscaps.cfd/,duelscaps.cfd,scamferret_expanded_2025,investment,1,investment,scam
https://fxvstsemanl.com/,https://fxvstsemanl.com/,fxvstsemanl.com,scamferret_expanded_2025,investment,1,investment,scam
https://grokraichc.com/,https://grokraichc.com/,grokraichc.com,scamferret_expanded_2025,cryptocurrency,1,cryptocurrency,scam
https://www.vaselgjelaj.shop/,https://www.vaselgjelaj.shop/,vaselgjelaj.shop,scamferret_expanded_2025,online_shopping,1,online_shopping,scam
https://thehomewaresale.com/about-us/,https://thehomewaresale.com/about-us/,thehomewaresale.com,scamferret_expanded_2025,online_shopping,1,online_shopping,scam
https://www.amandawoodall.shop/,https://www.amandawoodall.shop/,amandawoodall.shop,scamferret_expanded_2025,online_shopping,1,online_shopping,scam
https://cred-trade.org/,https://cred-trade.org/,cred-trade.org,scamferret_expanded_2025,investment,1,investment,scam
https://capitaltradeprime.com/,https://capitaltradeprime.com/,capitaltradeprime.com,scamferret_expanded_2025,investment,1,investment,scam
https://altus-dex.com/,https://altus-dex.com/,altus-dex.com,scamferret_expanded_2025,investment,1,investment,scam
https://uzex13.com/,https://uzex13.com/,uzex13.com,scamferret_expanded_2025,cryptocurrency,1,cryptocurrency,scam
https://gggg002.com/pc/,https://gggg002.com/pc/,gggg002.com,scamferret_expanded_2025,cryptocurrency,1,cryptocurrency,scam
https://superocket.live/,https://superocket.live/,superocket.live,scamferret_expanded_2025,investment,1,investment,scam
https://thekoinex.com/,https://thekoinex.com/,thekoinex.com,scamferret_expanded_2025,investment,1,investment,scam
https://www.parkerwalter.shop/,https://www.parkerwalter.shop/,parkerwalter.shop,scamferret_expanded_2025,online_shopping,1,online_shopping,scam
https://investorswealth.pro/,https://investorswealth.pro/,investorswealth.pro,scamferret_expanded_2025,cryptocurrency,1,cryptocurrency,scam
https://grokrexcci.com/,https://grokrexcci.com/,grokrexcci.com,scamferret_expanded_2025,cryptocurrency,1,cryptocurrency,scam
https://pankwekswap.com/,https://pankwekswap.com/,pankwekswap.com,scamferret_expanded_2025,cryptocurrency,1,cryptocurrency,scam
https://pancakeswap.finance-connect-v3-wallet-apps.com/online.php,https://pancakeswap.finance-connect-v3-wallet-apps.com/online.php,finance-connect-v3-wallet-apps.com,scamferret_expanded_2025,cryptocurrency,1,cryptocurrency,scam
https://api.idexbscee.com/,https://api.idexbscee.com/,idexbscee.com,scamferret_expanded_2025,cryptocurrency,1,cryptocurrency,scam
https://shop-dobacop.com/,https://shop-dobacop.com/,shop-dobacop.com,scamferret_expanded_2025,online_shopping,1,online_shopping,scam
https://www.megantarquin.shop/,https://www.megantarquin.shop/,megantarquin.shop,scamferret_expanded_2025,online_shopping,1,online_shopping,scam
https://dsjvv.com/,https://dsjvv.com/,dsjvv.com,scamferret_expanded_2025,cryptocurrency,1,cryptocurrency,scam
https://tradegridegain.com/,https://tradegridegain.com/,tradegridegain.com,scamferret_expanded_2025,investment,1,investment,scam
https://azacity.com/,https://azacity.com/,azacity.com,scamferret_expanded_2025,investment,1,investment,scam
https://abcpqr.shop/,https://abcpqr.shop/,abcpqr.shop,scamferret_expanded_2025,online_shopping,1,online_shopping,scam
https://hhhe.lol/,https://hhhe.lol/,hhhe.lol,scamferret_expanded_2025,cryptocurrency,1,cryptocurrency,scam
https://autobasetrades.com.realworldorganization.com/,https://autobasetrades.com.realworldorganization.com/,realworldorganization.com,scamferret_expanded_2025,cryptocurrency,1,cryptocurrency,scam
https://finfx.ai/,https://finfx.ai/,finfx.ai,scamferret_expanded_2025,investment,1,investment,scam
https://grokrsa.com/,https://grokrsa.com/,grokrsa.com,scamferret_expanded_2025,cryptocurrency,1,cryptocurrency,scam
https://fidelitytradex.com/,https://fidelitytradex.com/,fidelitytradex.com,scamferret_expanded_2025,investment,1,investment,scam
https://minilavery.shop/,https://minilavery.shop/,minilavery.shop,scamferret_expanded_2025,online_shopping,1,online_shopping,scam
https://longtradermax.com/,https://longtradermax.com/,longtradermax.com,scamferret_expanded_2025,investment,1,investment,scam
https://astroxvest.com/en/,https://astroxvest.com/en/,astroxvest.com,scamferret_expanded_2025,investment,1,investment,scam
https://www.davidoutlet.shop/,https://www.davidoutlet.shop/,davidoutlet.shop,scamferret_expanded_2025,online_shopping,1,online_shopping,scam
https://pancakczwap.finance/swap/?gad_campaignid=22913093256&gad_source=1&gbraid=0AAAAApFeKrKvC-ZEWLTI3iLHdoQfPAnuu&gclid=Cj0KCQjwzaXFBhDlARIsAFPv-u8WD8cGZ-V68LuxN-TNzrM5b1aagveh7dTW9_kkwnXmWtBfsc0tsgIaAvfWEALw_wcB,https://pancakczwap.finance/swap/?gad_campaignid=22913093256&gad_source=1&gbraid=0AAAAApFeKrKvC-ZEWLTI3iLHdoQfPAnuu&gclid=Cj0KCQjwzaXFBhDlARIsAFPv-u8WD8cGZ-V68LuxN-TNzrM5b1aagveh7dTW9_kkwnXmWtBfsc0tsgIaAvfWEALw_wcB,pancakczwap.finance,scamferret_expanded_2025,cryptocurrency,1,cryptocurrency,scam
https://trustnetx.com/,https://trustnetx.com/,trustnetx.com,scamferret_expanded_2025,investment,1,investment,scam
https://www.grahamelisa.shop/,https://www.grahamelisa.shop/,grahamelisa.shop,scamferret_expanded_2025,online_shopping,1,online_shopping,scam
https://xten.club/,https://xten.club/,xten.club,scamferret_expanded_2025,investment,1,investment,scam
https://uicexhs.com/,https://uicexhs.com/,uicexhs.com,scamferret_expanded_2025,cryptocurrency,1,cryptocurrency,scam
https://txexywf.com/,https://txexywf.com/,txexywf.com,scamferret_expanded_2025,cryptocurrency,1,cryptocurrency,scam
https://cryptocapitaltrading.com/,https://cryptocapitaltrading.com/,cryptocapitaltrading.com,scamferret_expanded_2025,investment,1,investment,scam
https://prolixvaluefx.com/,https://prolixvaluefx.com/,prolixvaluefx.com,scamferret_expanded_2025,investment,1,investment,scam
https://marsplus.pro/en/,https://marsplus.pro/en/,marsplus.pro,scamferret_expanded_2025,investment,1,investment,scam
https://uzexjg.com/,https://uzexjg.com/,uzexjg.com,scamferret_expanded_2025,cryptocurrency,1,cryptocurrency,scam
https://dobibo.pro/,https://dobibo.pro/,dobibo.pro,scamferret_expanded_2025,cryptocurrency,1,cryptocurrency,scam
https://www.philcalabro.shop/,https://www.philcalabro.shop/,philcalabro.shop,scamferret_expanded_2025,online_shopping,1,online_shopping,scam
https://belboringseth.shop/,https://belboringseth.shop/,belboringseth.shop,scamferret_expanded_2025,online_shopping,1,online_shopping,scam
https://moneynest.world/,https://moneynest.world/,moneynest.world,scamferret_expanded_2025,investment,1,investment,scam
https://grokrckdd8.com/,https://grokrckdd8.com/,grokrckdd8.com,scamferret_expanded_2025,cryptocurrency,1,cryptocurrency,scam
https://venus.v2-protocol.live/en/,https://venus.v2-protocol.live/en/,v2-protocol.live,scamferret_expanded_2025,cryptocurrency,1,cryptocurrency,scam
https://thesummershirts.com/,https://thesummershirts.com/,thesummershirts.com,scamferret_expanded_2025,online_shopping,1,online_shopping,scam
https://kmlhh.qpon/wap/,https://kmlhh.qpon/wap/,kmlhh.qpon,scamferret_expanded_2025,online_shopping,1,online_shopping,scam
https://txexsd.com/,https://txexsd.com/,txexsd.com,scamferret_expanded_2025,cryptocurrency,1,cryptocurrency,scam
https://ldjdress.com/uber-uns/,https://ldjdress.com/uber-uns/,ldjdress.com,scamferret_expanded_2025,online_shopping,1,online_shopping,scam
https://www.marajosesalasruiz.shop/,https://www.marajosesalasruiz.shop/,marajosesalasruiz.shop,scamferret_expanded_2025,online_shopping,1,online_shopping,scam
http://vansstoreca.com/,http://vansstoreca.com/,vansstoreca.com,scamferret_expanded_2025,online_shopping,1,online_shopping,scam
https://fairtradeprotips.live/,https://fairtradeprotips.live/,fairtradeprotips.live,scamferret_expanded_2025,investment,1,investment,scam
https://txexygm.com/,https://txexygm.com/,txexygm.com,scamferret_expanded_2025,cryptocurrency,1,cryptocurrency,scam
https://www.fx.telsainvestmentfx.com/,https://www.fx.telsainvestmentfx.com/,telsainvestmentfx.com,scamferret_expanded_2025,investment,1,investment,scam
https://pancake.fft5.xyz/,https://pancake.fft5.xyz/,fft5.xyz,scamferret_expanded_2025,cryptocurrency,1,cryptocurrency,scam
https://centurycapitaltrade.com/,https://centurycapitaltrade.com/,centurycapitaltrade.com,scamferret_expanded_2025,investment,1,investment,scam
https://wk9827.com/,https://wk9827.com/,wk9827.com,scamferret_expanded_2025,cryptocurrency,1,cryptocurrency,scam
https://uicexd.com/,https://uicexd.com/,uicexd.com,scamferret_expanded_2025,cryptocurrency,1,cryptocurrency,scam
https://najafexpo2025.iaun.iau.ir/,https://najafexpo2025.iaun.iau.ir/,iau.ir,scamferret_expanded_2025,investment,1,investment,scam
https://www.eoinreidy.shop/,https://www.eoinreidy.shop/,eoinreidy.shop,scamferret_expanded_2025,online_shopping,1,online_shopping,scam
https://24forthwright.com/,https://24forthwright.com/,24forthwright.com,scamferret_expanded_2025,cryptocurrency,1,cryptocurrency,scam
https://hrvz0ykk.987691.co/,https://hrvz0ykk.987691.co/,987691.co,scamferret_expanded_2025,online_shopping,1,online_shopping,scam
https://www.sinabegemann.shop/,https://www.sinabegemann.shop/,sinabegemann.shop,scamferret_expanded_2025,online_shopping,1,online_shopping,scam
https://goldcrestwealth.com/,https://goldcrestwealth.com/,goldcrestwealth.com,scamferret_expanded_2025,investment,1,investment,scam
https://kwaiq.shop/,https://kwaiq.shop/,kwaiq.shop,scamferret_expanded_2025,online_shopping,1,online_shopping,scam
https://artssworld.com/,https://artssworld.com/,artssworld.com,scamferret_expanded_2025,online_shopping,1,online_shopping,scam
https://www.katecaulfield.shop/,https://www.katecaulfield.shop/,katecaulfield.shop,scamferret_expanded_2025,online_shopping,1,online_shopping,scam
https://dsj8.com/,https://dsj8.com/,dsj8.com,scamferret_expanded_2025,cryptocurrency,1,cryptocurrency,scam
https://bitforexrader.com/,https://bitforexrader.com/,bitforexrader.com,scamferret_expanded_2025,investment,1,investment,scam
https://grokrdisei.com/,https://grokrdisei.com/,grokrdisei.com,scamferret_expanded_2025,cryptocurrency,1,cryptocurrency,scam
https://www.abbykandavel.shop/,https://www.abbykandavel.shop/,abbykandavel.shop,scamferret_expanded_2025,online_shopping,1,online_shopping,scam
https://mhajdarovic.shop/,https://mhajdarovic.shop/,mhajdarovic.shop,scamferret_expanded_2025,online_shopping,1,online_shopping,scam
https://tradexify.pro/,https://tradexify.pro/,tradexify.pro,scamferret_expanded_2025,investment,1,investment,scam
https://grokrcllde.com/,https://grokrcllde.com/,grokrcllde.com,scamferret_expanded_2025,cryptocurrency,1,cryptocurrency,scam
https://summitsphereinv.com/,https://summitsphereinv.com/,summitsphereinv.com,scamferret_expanded_2025,investment,1,investment,scam
https://cryptozilar.com/,https://cryptozilar.com/,cryptozilar.com,scamferret_expanded_2025,investment,1,investment,scam
https://romanguerra.shop/,https://romanguerra.shop/,romanguerra.shop,scamferret_expanded_2025,online_shopping,1,online_shopping,scam
https://test.revaxtrade.com/,https://test.revaxtrade.com/,revaxtrade.com,scamferret_expanded_2025,investment,1,investment,scam
https://txxeu.com/,https://txxeu.com/,txxeu.com,scamferret_expanded_2025,cryptocurrency,1,cryptocurrency,scam
https://chadkatte.shop/,https://chadkatte.shop/,chadkatte.shop,scamferret_expanded_2025,online_shopping,1,online_shopping,scam
https://txexyrl.com/,https://txexyrl.com/,txexyrl.com,scamferret_expanded_2025,cryptocurrency,1,cryptocurrency,scam
https://www.jamescarina.shop/,https://www.jamescarina.shop/,jamescarina.shop,scamferret_expanded_2025,online_shopping,1,online_shopping,scam
https://eefjekerstens.shop/,https://eefjekerstens.shop/,eefjekerstens.shop,scamferret_expanded_2025,online_shopping,1,online_shopping,scam
https://txexyol.com/,https://txexyol.com/,txexyol.com,scamferret_expanded_2025,cryptocurrency,1,cryptocurrency,scam
https://allianzthrive.com/,https://allianzthrive.com/,allianzthrive.com,scamferret_expanded_2025,investment,1,investment,scam
https://www.maxanglert.shop/,https://www.maxanglert.shop/,maxanglert.shop,scamferret_expanded_2025,online_shopping,1,online_shopping,scam
https://www.ronaldcourts.shop/,https://www.ronaldcourts.shop/,ronaldcourts.shop,scamferret_expanded_2025,online_shopping,1,online_shopping,scam
https://main.signaltradin.com/,https://main.signaltradin.com/,signaltradin.com,scamferret_expanded_2025,investment,1,investment,scam
https://gracealvarez.shop/,https://gracealvarez.shop/,gracealvarez.shop,scamferret_expanded_2025,online_shopping,1,online_shopping,scam
https://www.amarellegeorge.shop/,https://www.amarellegeorge.shop/,amarellegeorge.shop,scamferret_expanded_2025,online_shopping,1,online_shopping,scam
https://hyipmaxtrade.buzz/,https://hyipmaxtrade.buzz/,hyipmaxtrade.buzz,scamferret_expanded_2025,investment,1,investment,scam
https://haleysimard.shop/,https://haleysimard.shop/,haleysimard.shop,scamferret_expanded_2025,online_shopping,1,online_shopping,scam
https://qwhaitao.shop/,https://qwhaitao.shop/,qwhaitao.shop,scamferret_expanded_2025,online_shopping,1,online_shopping,scam
https://www.stellamccartneys.us/,https://www.stellamccartneys.us/,stellamccartneys.us,scamferret_expanded_2025,online_shopping,1,online_shopping,scam
https://pancaksewpa.finance/swap/?gad_campaignid=22913093256&gad_source=1&gclid=Cj0KCQjwzaXFBhDlARIsAFPv-u8L5gouBymziKaNggSu9qMLbTHbDx08PQ4LYqbTtlI9ncfCgUMzleUaAkLKEALw_wcB,https://pancaksewpa.finance/swap/?gad_campaignid=22913093256&gad_source=1&gclid=Cj0KCQjwzaXFBhDlARIsAFPv-u8L5gouBymziKaNggSu9qMLbTHbDx08PQ4LYqbTtlI9ncfCgUMzleUaAkLKEALw_wcB,pancaksewpa.finance,scamferret_expanded_2025,cryptocurrency,1,cryptocurrency,scam
https://nova-kinetic-edge.com/,https://nova-kinetic-edge.com/,nova-kinetic-edge.com,scamferret_expanded_2025,cryptocurrency,1,cryptocurrency,scam
https://aureoptionmarket.com/,https://aureoptionmarket.com/,aureoptionmarket.com,scamferret_expanded_2025,investment,1,investment,scam
https://www.spotmoney.biz/,https://www.spotmoney.biz/,spotmoney.biz,scamferret_expanded_2025,investment,1,investment,scam
https://kerribremer.shop/,https://kerribremer.shop/,kerribremer.shop,scamferret_expanded_2025,online_shopping,1,online_shopping,scam
https://abrdnweb3.com/,https://abrdnweb3.com/,abrdnweb3.com,scamferret_expanded_2025,cryptocurrency,1,cryptocurrency,scam
https://uicexzr.com/,https://uicexzr.com/,uicexzr.com,scamferret_expanded_2025,cryptocurrency,1,cryptocurrency,scam
https://foxloom.net/,https://foxloom.net/,foxloom.net,scamferret_expanded_2025,investment,1,investment,scam
https://www.gerardinorufo.shop/,https://www.gerardinorufo.shop/,gerardinorufo.shop,scamferret_expanded_2025,online_shopping,1,online_shopping,scam
https://bit-stocks.com/,https://bit-stocks.com/,bit-stocks.com,scamferret_expanded_2025,investment,1,investment,scam
https://www.olgakyrychuk.shop/,https://www.olgakyrychuk.shop/,olgakyrychuk.shop,scamferret_expanded_2025,online_shopping,1,online_shopping,scam
https://1xbetfx.live/,https://1xbetfx.live/,1xbetfx.live,scamferret_expanded_2025,investment,1,investment,scam
https://grokrsx.com/,https://grokrsx.com/,grokrsx.com,scamferret_expanded_2025,cryptocurrency,1,cryptocurrency,scam
https://setfreeearning.live/,https://setfreeearning.live/,setfreeearning.live,scamferret_expanded_2025,investment,1,investment,scam
https://creatingexquisite.com/about-us/,https://creatingexquisite.com/about-us/,creatingexquisite.com,scamferret_expanded_2025,online_shopping,1,online_shopping,scam
https://cesarchase.shop/,https://cesarchase.shop/,cesarchase.shop,scamferret_expanded_2025,online_shopping,1,online_shopping,scam
https://bynodes.fun/parks,https://bynodes.fun/parks,bynodes.fun,scamferret_expanded_2025,cryptocurrency,1,cryptocurrency,scam
https://wiemwederni.shop/,https://wiemwederni.shop/,wiemwederni.shop,scamferret_expanded_2025,online_shopping,1,online_shopping,scam
https://logictraderoptions.com/,https://logictraderoptions.com/,logictraderoptions.com,scamferret_expanded_2025,investment,1,investment,scam
https://hexahorizonchoice.live.dnsoceanofcodes.live/,https://hexahorizonchoice.live.dnsoceanofcodes.live/,dnsoceanofcodes.live,scamferret_expanded_2025,investment,1,investment,scam
https://www.janagantner.shop/,https://www.janagantner.shop/,janagantner.shop,scamferret_expanded_2025,online_shopping,1,online_shopping,scam
https://dsjqq.com/,https://dsjqq.com/,dsjqq.com,scamferret_expanded_2025,cryptocurrency,1,cryptocurrency,scam
https://hayleycarr.shop/,https://hayleycarr.shop/,hayleycarr.shop,scamferret_expanded_2025,online_shopping,1,online_shopping,scam
https://hhhetp.com/,https://hhhetp.com/,hhhetp.com,scamferret_expanded_2025,cryptocurrency,1,cryptocurrency,scam
https://www.ibrahimefall.shop/,https://www.ibrahimefall.shop/,ibrahimefall.shop,scamferret_expanded_2025,online_shopping,1,online_shopping,scam
https://www.next.iranzak.com/,https://www.next.iranzak.com/,iranzak.com,scamferret_expanded_2025,investment,1,investment,scam
https://www.bridgedefihub.com.globalpngonline.com/,https://www.bridgedefihub.com.globalpngonline.com/,globalpngonline.com,scamferret_expanded_2025,investment,1,investment,scam
https://txexyyk.com/,https://txexyyk.com/,txexyyk.com,scamferret_expanded_2025,cryptocurrency,1,cryptocurrency,scam
https://jerryrobert.shop/,https://jerryrobert.shop/,jerryrobert.shop,scamferret_expanded_2025,online_shopping,1,online_shopping,scam
https://grokrc.com/,https://grokrc.com/,grokrc.com,scamferret_expanded_2025,cryptocurrency,1,cryptocurrency,scam
https://mf.life/,https://mf.life/,mf.life,scamferret_expanded_2025,cryptocurrency,1,cryptocurrency,scam
https://safetrustinvestment.com/,https://safetrustinvestment.com/,safetrustinvestment.com,scamferret_expanded_2025,investment,1,investment,scam
https://www.frontiertradefx.live/,https://www.frontiertradefx.live/,frontiertradefx.live,scamferret_expanded_2025,investment,1,investment,scam
https://swahbitcoln.co/bitcoin-linen/,https://swahbitcoln.co/bitcoin-linen/,swahbitcoln.co,scamferret_expanded_2025,cryptocurrency,1,cryptocurrency,scam
https://helpharvest.net/,https://helpharvest.net/,helpharvest.net,scamferret_expanded_2025,investment,1,investment,scam
https://dafxi.com/,https://dafxi.com/,dafxi.com,scamferret_expanded_2025,investment,1,investment,scam
https://superiortradeline.cfd/,https://superiortradeline.cfd/,superiortradeline.cfd,scamferret_expanded_2025,investment,1,investment,scam
https://kkwaishop2.shop/,https://kkwaishop2.shop/,kkwaishop2.shop,scamferret_expanded_2025,online_shopping,1,online_shopping,scam
https://flrasset-trustline.org/connect.html,https://flrasset-trustline.org/connect.html,flrasset-trustline.org,scamferret_expanded_2025,cryptocurrency,1,cryptocurrency,scam
https://grokrhot3.com/,https://grokrhot3.com/,grokrhot3.com,scamferret_expanded_2025,cryptocurrency,1,cryptocurrency,scam
https://collectorcommander.com/jgsi8bpw?key=2678d110b804869f9d2fea3336e280c6,https://collectorcommander.com/jgsi8bpw?key=2678d110b804869f9d2fea3336e280c6,collectorcommander.com,scamferret_expanded_2025,investment,1,investment,scam
https://www.reonmultiservice.com/,https://www.reonmultiservice.com/,reonmultiservice.com,scamferret_expanded_2025,investment,1,investment,scam
https://axitradeco.com/,https://axitradeco.com/,axitradeco.com,scamferret_expanded_2025,investment,1,investment,scam
https://zzgdt.sbs/wap/,https://zzgdt.sbs/wap/,zzgdt.sbs,scamferret_expanded_2025,online_shopping,1,online_shopping,scam
https://arianagohs.shop/,https://arianagohs.shop/,arianagohs.shop,scamferret_expanded_2025,online_shopping,1,online_shopping,scam
https://aaronsalazar.shop/,https://aaronsalazar.shop/,aaronsalazar.shop,scamferret_expanded_2025,online_shopping,1,online_shopping,scam
https://camelbak-nederland.com/,https://camelbak-nederland.com/,camelbak-nederland.com,scamferret_expanded_2025,online_shopping,1,online_shopping,scam
https://chadhubred.shop/,https://chadhubred.shop/,chadhubred.shop,scamferret_expanded_2025,online_shopping,1,online_shopping,scam
https://oscfx.com/,https://oscfx.com/,oscfx.com,scamferret_expanded_2025,investment,1,investment,scam
https://telsaglobaltrade.live/,https://telsaglobaltrade.live/,telsaglobaltrade.live,scamferret_expanded_2025,cryptocurrency,1,cryptocurrency,scam
http://03597.cc/,http://03597.cc/,03597.cc,scamferret_expanded_2025,online_shopping,1,online_shopping,scam
https://credifinfx.com/en/,https://credifinfx.com/en/,credifinfx.com,scamferret_expanded_2025,investment,1,investment,scam
https://spkflaretrustliner.com/,https://spkflaretrustliner.com/,spkflaretrustliner.com,scamferret_expanded_2025,investment,1,investment,scam
https://txexydj.com/,https://txexydj.com/,txexydj.com,scamferret_expanded_2025,cryptocurrency,1,cryptocurrency,scam
https://capitalxistocks.com/,https://capitalxistocks.com/,capitalxistocks.com,scamferret_expanded_2025,investment,1,investment,scam
https://txexii.com/,https://txexii.com/,txexii.com,scamferret_expanded_2025,cryptocurrency,1,cryptocurrency,scam
https://docsmartensphilippines.com/,https://docsmartensphilippines.com/,docsmartensphilippines.com,scamferret_expanded_2025,online_shopping,1,online_shopping,scam
https://steamfxmax.com/,https://steamfxmax.com/,steamfxmax.com,scamferret_expanded_2025,investment,1,investment,scam
http://kkwwaa4.shop/,http://kkwwaa4.shop/,kkwwaa4.shop,scamferret_expanded_2025,online_shopping,1,online_shopping,scam
https://www.meritodorovic.shop/,https://www.meritodorovic.shop/,meritodorovic.shop,scamferret_expanded_2025,online_shopping,1,online_shopping,scam
https://www.summergajewski.shop/,https://www.summergajewski.shop/,summergajewski.shop,scamferret_expanded_2025,online_shopping,1,online_shopping,scam
https://ariannasimei.shop/,https://ariannasimei.shop/,ariannasimei.shop,scamferret_expanded_2025,online_shopping,1,online_shopping,scam
https://rosieclothing.com/about-us/,https://rosieclothing.com/about-us/,rosieclothing.com,scamferret_expanded_2025,online_shopping,1,online_shopping,scam
https://www.maxcrum.shop/,https://www.maxcrum.shop/,maxcrum.shop,scamferret_expanded_2025,online_shopping,1,online_shopping,scam
https://capitaltradeprime.com.elitetradeprime.com/,https://capitaltradeprime.com.elitetradeprime.com/,elitetradeprime.com,scamferret_expanded_2025,investment,1,investment,scam
https://www.loisthart.shop/,https://www.loisthart.shop/,loisthart.shop,scamferret_expanded_2025,online_shopping,1,online_shopping,scam
https://tiktt-online.com/,https://tiktt-online.com/,tiktt-online.com,scamferret_expanded_2025,online_shopping,1,online_shopping,scam
https://www.zinakaplun.shop/,https://www.zinakaplun.shop/,zinakaplun.shop,scamferret_expanded_2025,online_shopping,1,online_shopping,scam
http://txdsad.com/,http://txdsad.com/,txdsad.com,scamferret_expanded_2025,cryptocurrency,1,cryptocurrency,scam
https://txexyuf.com/,https://txexyuf.com/,txexyuf.com,scamferret_expanded_2025,cryptocurrency,1,cryptocurrency,scam
https://www.gemmaarmstng.shop/,https://www.gemmaarmstng.shop/,gemmaarmstng.shop,scamferret_expanded_2025,online_shopping,1,online_shopping,scam
https://www.bryanharty.shop/,https://www.bryanharty.shop/,bryanharty.shop,scamferret_expanded_2025,online_shopping,1,online_shopping,scam
https://www.abbeyflynn.shop/,https://www.abbeyflynn.shop/,abbeyflynn.shop,scamferret_expanded_2025,online_shopping,1,online_shopping,scam
https://www.trade.wavesdiversify.com/,https://www.trade.wavesdiversify.com/,wavesdiversify.com,scamferret_expanded_2025,investment,1,investment,scam
https://www.en.equinovax.com/,https://www.en.equinovax.com/,equinovax.com,scamferret_expanded_2025,investment,1,investment,scam
https://transak.vip/,https://transak.vip/,transak.vip,scamferret_expanded_2025,cryptocurrency,1,cryptocurrency,scam
https://www.jellycat-southafrica.co.za/,https://www.jellycat-southafrica.co.za/,jellycat-southafrica.co.za,scamferret_expanded_2025,online_shopping,1,online_shopping,scam
https://www.primaxcapital.com/,https://www.primaxcapital.com/,primaxcapital.com,scamferret_expanded_2025,investment,1,investment,scam
https://opulentvest.cc/,https://opulentvest.cc/,opulentvest.cc,scamferret_expanded_2025,investment,1,investment,scam
https://www.travismichell.shop/,https://www.travismichell.shop/,travismichell.shop,scamferret_expanded_2025,online_shopping,1,online_shopping,scam
https://kqlambga.com/,https://kqlambga.com/,kqlambga.com,scamferret_expanded_2025,cryptocurrency,1,cryptocurrency,scam
https://24hrstrustedtd.com/,https://24hrstrustedtd.com/,24hrstrustedtd.com,scamferret_expanded_2025,investment,1,investment,scam
https://remaskoline.cc/payouts/,https://remaskoline.cc/payouts/,remaskoline.cc,scamferret_expanded_2025,cryptocurrency,1,cryptocurrency,scam
https://frontier.karamelhub.com.ng/,https://frontier.karamelhub.com.ng/,karamelhub.com.ng,scamferret_expanded_2025,investment,1,investment,scam
https://www.jennyschultz.shop/,https://www.jennyschultz.shop/,jennyschultz.shop,scamferret_expanded_2025,online_shopping,1,online_shopping,scam
https://fc-trust.com/,https://fc-trust.com/,fc-trust.com,scamferret_expanded_2025,investment,1,investment,scam
https://protradingoptions.com/,https://protradingoptions.com/,protradingoptions.com,scamferret_expanded_2025,investment,1,investment,scam
https://txexyvb.com/,https://txexyvb.com/,txexyvb.com,scamferret_expanded_2025,cryptocurrency,1,cryptocurrency,scam
https://riscoin.com/,https://riscoin.com/,riscoin.com,scamferret_expanded_2025,cryptocurrency,1,cryptocurrency,scam
https://www.todyhjkd.shop/,https://www.todyhjkd.shop/,todyhjkd.shop,scamferret_expanded_2025,online_shopping,1,online_shopping,scam
https://www.app.swifttradesol.com/,https://www.app.swifttradesol.com/,swifttradesol.com,scamferret_expanded_2025,investment,1,investment,scam
https://globalpropps.com.repubcncrypt.com/,https://globalpropps.com.repubcncrypt.com/,repubcncrypt.com,scamferret_expanded_2025,investment,1,investment,scam
https://www.vertexcharts.com/,https://www.vertexcharts.com/,vertexcharts.com,scamferret_expanded_2025,investment,1,investment,scam
https://www.janebutcher.shop/,https://www.janebutcher.shop/,janebutcher.shop,scamferret_expanded_2025,online_shopping,1,online_shopping,scam
https://www.davidscott.shop/,https://www.davidscott.shop/,davidscott.shop,scamferret_expanded_2025,online_shopping,1,online_shopping,scam
https://smarttradesolutions.live.globaleliteprobittsinc.com/,https://smarttradesolutions.live.globaleliteprobittsinc.com/,globaleliteprobittsinc.com,scamferret_expanded_2025,investment,1,investment,scam
https://uzex.lol/,https://uzex.lol/,uzex.lol,scamferret_expanded_2025,cryptocurrency,1,cryptocurrency,scam
https://cindyjacobsen.shop/,https://cindyjacobsen.shop/,cindyjacobsen.shop,scamferret_expanded_2025,online_shopping,1,online_shopping,scam
https://growliox.com.aevolyn.com/,https://growliox.com.aevolyn.com/,aevolyn.com,scamferret_expanded_2025,investment,1,investment,scam
https://wwwtiktok.vip/wap/,https://wwwtiktok.vip/wap/,wwwtiktok.vip,scamferret_expanded_2025,online_shopping,1,online_shopping,scam
https://xn--pacakeswap-k1b.finance/dashboard.html,https://xn--pacakeswap-k1b.finance/dashboard.html,xn--pacakeswap-k1b.finance,scamferret_expanded_2025,cryptocurrency,1,cryptocurrency,scam
https://shopmytfc.cc/,https://shopmytfc.cc/,shopmytfc.cc,scamferret_expanded_2025,cryptocurrency,1,cryptocurrency,scam
https://www.shimoneidelman.shop/,https://www.shimoneidelman.shop/,shimoneidelman.shop,scamferret_expanded_2025,online_shopping,1,online_shopping,scam
https://corneliastaly.shop/,https://corneliastaly.shop/,corneliastaly.shop,scamferret_expanded_2025,online_shopping,1,online_shopping,scam
https://www.ease-easeprotocol.com/,https://www.ease-easeprotocol.com/,ease-easeprotocol.com,scamferret_expanded_2025,cryptocurrency,1,cryptocurrency,scam
https://markmurray.shop/,https://markmurray.shop/,markmurray.shop,scamferret_expanded_2025,online_shopping,1,online_shopping,scam
https://tggxex.com/,https://tggxex.com/,tggxex.com,scamferret_expanded_2025,cryptocurrency,1,cryptocurrency,scam
https://pancake.svvap.finance/,https://pancake.svvap.finance/,svvap.finance,scamferret_expanded_2025,cryptocurrency,1,cryptocurrency,scam
https://1314xj.com/,https://1314xj.com/,1314xj.com,scamferret_expanded_2025,cryptocurrency,1,cryptocurrency,scam
https://bitronix.global/,https://bitronix.global/,bitronix.global,scamferret_expanded_2025,investment,1,investment,scam
https://panswap.org/,https://panswap.org/,panswap.org,scamferret_expanded_2025,cryptocurrency,1,cryptocurrency,scam
https://allphatrade.net/,https://allphatrade.net/,allphatrade.net,scamferret_expanded_2025,investment,1,investment,scam
https://coinash.net/,https://coinash.net/,coinash.net,scamferret_expanded_2025,cryptocurrency,1,cryptocurrency,scam
https://barsmall.com/,https://barsmall.com/,barsmall.com,scamferret_expanded_2025,online_shopping,1,online_shopping,scam
https://photon-drift.com/,https://photon-drift.com/,photon-drift.com,scamferret_expanded_2025,cryptocurrency,1,cryptocurrency,scam
https://uicexyw.com/pc/,https://uicexyw.com/pc/,uicexyw.com,scamferret_expanded_2025,cryptocurrency,1,cryptocurrency,scam
https://eth-wed.vip/h5/,https://eth-wed.vip/h5/,eth-wed.vip,scamferret_expanded_2025,cryptocurrency,1,cryptocurrency,scam
https://txexpk.com/,https://txexpk.com/,txexpk.com,scamferret_expanded_2025,cryptocurrency,1,cryptocurrency,scam
https://m-portalflarepages.pro/,https://m-portalflarepages.pro/,m-portalflarepages.pro,scamferret_expanded_2025,cryptocurrency,1,cryptocurrency,scam
https://dexdigitalmarket.com.simplebittstockoption.com/,https://dexdigitalmarket.com.simplebittstockoption.com/,simplebittstockoption.com,scamferret_expanded_2025,cryptocurrency,1,cryptocurrency,scam
https://apexexchangesecurity.com/,https://apexexchangesecurity.com/,apexexchangesecurity.com,scamferret_expanded_2025,investment,1,investment,scam
https://www.aaronalfred.shop/,https://www.aaronalfred.shop/,aaronalfred.shop,scamferret_expanded_2025,online_shopping,1,online_shopping,scam
https://seashoping.shop/,https://seashoping.shop/,seashoping.shop,scamferret_expanded_2025,online_shopping,1,online_shopping,scam
https://primeroirealestate.com/,https://primeroirealestate.com/,primeroirealestate.com,scamferret_expanded_2025,investment,1,investment,scam
https://www.katetaubner.shop/,https://www.katetaubner.shop/,katetaubner.shop,scamferret_expanded_2025,online_shopping,1,online_shopping,scam
https://txexpy.com/,https://txexpy.com/,txexpy.com,scamferret_expanded_2025,cryptocurrency,1,cryptocurrency,scam
https://vipbase.vip/,https://vipbase.vip/,vipbase.vip,scamferret_expanded_2025,cryptocurrency,1,cryptocurrency,scam
https://reninvests.com/,https://reninvests.com/,reninvests.com,scamferret_expanded_2025,investment,1,investment,scam
https://www.betsyanrson.shop/,https://www.betsyanrson.shop/,betsyanrson.shop,scamferret_expanded_2025,online_shopping,1,online_shopping,scam
https://apexiumcapital.com/en/,https://apexiumcapital.com/en/,apexiumcapital.com,scamferret_expanded_2025,investment,1,investment,scam
https://daanibrahim.shop/,https://daanibrahim.shop/,daanibrahim.shop,scamferret_expanded_2025,online_shopping,1,online_shopping,scam
https://mail.quintravance.com/,https://mail.quintravance.com/,quintravance.com,scamferret_expanded_2025,cryptocurrency,1,cryptocurrency,scam
https://www.gretchenlarson.com/,https://www.gretchenlarson.com/,gretchenlarson.com,scamferret_expanded_2025,online_shopping,1,online_shopping,scam
https://grokraicdo6.com/,https://grokraicdo6.com/,grokraicdo6.com,scamferret_expanded_2025,cryptocurrency,1,cryptocurrency,scam
http://agshopht.cc/,http://agshopht.cc/,agshopht.cc,scamferret_expanded_2025,online_shopping,1,online_shopping,scam
https://gabriellopez.shop/,https://gabriellopez.shop/,gabriellopez.shop,scamferret_expanded_2025,online_shopping,1,online_shopping,scam
https://www.starfoxcrypto.online/,https://www.starfoxcrypto.online/,starfoxcrypto.online,scamferret_expanded_2025,investment,1,investment,scam
https://www.karrielarson.shop/,https://www.karrielarson.shop/,karrielarson.shop,scamferret_expanded_2025,online_shopping,1,online_shopping,scam
https://fxtm.world/,https://fxtm.world/,fxtm.world,scamferret_expanded_2025,investment,1,investment,scam
https://www.hilotrades.com.metiersmarket.com/,https://www.hilotrades.com.metiersmarket.com/,metiersmarket.com,scamferret_expanded_2025,investment,1,investment,scam
https://nensdjshkk.shop/,https://nensdjshkk.shop/,nensdjshkk.shop,scamferret_expanded_2025,online_shopping,1,online_shopping,scam
https://wealthimpactsolutionx.pro/en/,https://wealthimpactsolutionx.pro/en/,wealthimpactsolutionx.pro,scamferret_expanded_2025,investment,1,investment,scam
https://www.apexiostock.com.dacia-automobiles.com/,https://www.apexiostock.com.dacia-automobiles.com/,dacia-automobiles.com,scamferret_expanded_2025,investment,1,investment,scam
https://smartadvantagefx.com.digitalmarketmining.com/,https://smartadvantagefx.com.digitalmarketmining.com/,digitalmarketmining.com,scamferret_expanded_2025,cryptocurrency,1,cryptocurrency,scam
https://cryptotrustglobal.com/,https://cryptotrustglobal.com/,cryptotrustglobal.com,scamferret_expanded_2025,investment,1,investment,scam
https://www.danielledaniels.shop/,https://www.danielledaniels.shop/,danielledaniels.shop,scamferret_expanded_2025,online_shopping,1,online_shopping,scam
https://www.pokemoncenterca.com/,https://www.pokemoncenterca.com/,pokemoncenterca.com,scamferret_expanded_2025,online_shopping,1,online_shopping,scam
https://www.jennaburlakoti.shop/,https://www.jennaburlakoti.shop/,jennaburlakoti.shop,scamferret_expanded_2025,online_shopping,1,online_shopping,scam
https://urifarce.com/,https://urifarce.com/,urifarce.com,scamferret_expanded_2025,cryptocurrency,1,cryptocurrency,scam
https://www.axetrade.live/,https://www.axetrade.live/,axetrade.live,scamferret_expanded_2025,investment,1,investment,scam
https://www.susanneklueppel.shop/,https://www.susanneklueppel.shop/,susanneklueppel.shop,scamferret_expanded_2025,online_shopping,1,online_shopping,scam
https://gunjinas.shop/,https://gunjinas.shop/,gunjinas.shop,scamferret_expanded_2025,online_shopping,1,online_shopping,scam
http://cheriewisse.shop/,http://cheriewisse.shop/,cheriewisse.shop,scamferret_expanded_2025,online_shopping,1,online_shopping,scam
https://sweepstakesfx.com/,https://sweepstakesfx.com/,sweepstakesfx.com,scamferret_expanded_2025,investment,1,investment,scam
https://equitypathub.com/,https://equitypathub.com/,equitypathub.com,scamferret_expanded_2025,investment,1,investment,scam
https://txexpv.com/,https://txexpv.com/,txexpv.com,scamferret_expanded_2025,cryptocurrency,1,cryptocurrency,scam
https://txpswf.com/,https://txpswf.com/,txpswf.com,scamferret_expanded_2025,cryptocurrency,1,cryptocurrency,scam
https://safetrade.ltd/,https://safetrade.ltd/,safetrade.ltd,scamferret_expanded_2025,investment,1,investment,scam
https://www.sterlingvestmarket.com.cresthivetrade.com/,https://www.sterlingvestmarket.com.cresthivetrade.com/,cresthivetrade.com,scamferret_expanded_2025,investment,1,investment,scam
https://grokr88.com/,https://grokr88.com/,grokr88.com,scamferret_expanded_2025,cryptocurrency,1,cryptocurrency,scam
https://dsaem.shop/,https://dsaem.shop/,dsaem.shop,scamferret_expanded_2025,online_shopping,1,online_shopping,scam
https://txexyru.com/,https://txexyru.com/,txexyru.com,scamferret_expanded_2025,cryptocurrency,1,cryptocurrency,scam
https://pancakeswap.finance-apps-v2-connect-wallets.com/online.php,https://pancakeswap.finance-apps-v2-connect-wallets.com/online.php,finance-apps-v2-connect-wallets.com,scamferret_expanded_2025,cryptocurrency,1,cryptocurrency,scam
https://romainstone.shop/,https://romainstone.shop/,romainstone.shop,scamferret_expanded_2025,online_shopping,1,online_shopping,scam
https://www.n.eib-website.ltd/,https://www.n.eib-website.ltd/,eib-website.ltd,scamferret_expanded_2025,investment,1,investment,scam
https://oxfxvstsemanal.com/,https://oxfxvstsemanal.com/,oxfxvstsemanal.com,scamferret_expanded_2025,investment,1,investment,scam
https://windroseinitiative.online/,https://windroseinitiative.online/,windroseinitiative.online,scamferret_expanded_2025,investment,1,investment,scam
https://founderkarenbehnke.com/hsn8,https://founderkarenbehnke.com/hsn8,founderkarenbehnke.com,scamferret_expanded_2025,cryptocurrency,1,cryptocurrency,scam
https://grokrccce.com/,https://grokrccce.com/,grokrccce.com,scamferret_expanded_2025,cryptocurrency,1,cryptocurrency,scam
https://www.calvinbarrios.shop/,https://www.calvinbarrios.shop/,calvinbarrios.shop,scamferret_expanded_2025,online_shopping,1,online_shopping,scam
https://capitalsharestrade.com/,https://capitalsharestrade.com/,capitalsharestrade.com,scamferret_expanded_2025,investment,1,investment,scam
https://www.takparent.shop/,https://www.takparent.shop/,takparent.shop,scamferret_expanded_2025,online_shopping,1,online_shopping,scam
https://miningastrology.com/,https://miningastrology.com/,miningastrology.com,scamferret_expanded_2025,investment,1,investment,scam
https://strategictradespherehub.com/,https://strategictradespherehub.com/,strategictradespherehub.com,scamferret_expanded_2025,investment,1,investment,scam
https://www.crownwealth.digital/,https://www.crownwealth.digital/,crownwealth.digital,scamferret_expanded_2025,investment,1,investment,scam
https://www.assiasaou.shop/,https://www.assiasaou.shop/,assiasaou.shop,scamferret_expanded_2025,online_shopping,1,online_shopping,scam
https://riotbitdigita.com.smartcryptofxoptions.com/,https://riotbitdigita.com.smartcryptofxoptions.com/,smartcryptofxoptions.com,scamferret_expanded_2025,cryptocurrency,1,cryptocurrency,scam
https://www.tatyanamironova.shop/,https://www.tatyanamironova.shop/,tatyanamironova.shop,scamferret_expanded_2025,online_shopping,1,online_shopping,scam
https://tiktoksellnow.com/,https://tiktoksellnow.com/,tiktoksellnow.com,scamferret_expanded_2025,online_shopping,1,online_shopping,scam
https://www.annamill.shop/,https://www.annamill.shop/,annamill.shop,scamferret_expanded_2025,online_shopping,1,online_shopping,scam
https://pancakeswgp.finance/swap/?gad_campaignid=22913093256&gad_source=1&gbraid=0AAAAApFeKrIAJgID-cf9uDtTc3nH21qFI&gclid=CjwKCAjwk7DFBhBAEiwAeYbJsW64Ky1otbEmszPYj7JMtgNS82J4nUZEyrhHcdpad-uXsoJjVUuUqRoCnYcQAvD_BwE,https://pancakeswgp.finance/swap/?gad_campaignid=22913093256&gad_source=1&gbraid=0AAAAApFeKrIAJgID-cf9uDtTc3nH21qFI&gclid=CjwKCAjwk7DFBhBAEiwAeYbJsW64Ky1otbEmszPYj7JMtgNS82J4nUZEyrhHcdpad-uXsoJjVUuUqRoCnYcQAvD_BwE,pancakeswgp.finance,scamferret_expanded_2025,cryptocurrency,1,cryptocurrency,scam
https://dsjex112.com/,https://dsjex112.com/,dsjex112.com,scamferret_expanded_2025,cryptocurrency,1,cryptocurrency,scam
https://tehilakeilson.shop/,https://tehilakeilson.shop/,tehilakeilson.shop,scamferret_expanded_2025,online_shopping,1,online_shopping,scam
https://uicexaj.com/,https://uicexaj.com/,uicexaj.com,scamferret_expanded_2025,cryptocurrency,1,cryptocurrency,scam
https://tmo-mkt.cc/,https://tmo-mkt.cc/,tmo-mkt.cc,scamferret_expanded_2025,online_shopping,1,online_shopping,scam
https://dobibo5.com/,https://dobibo5.com/,dobibo5.com,scamferret_expanded_2025,cryptocurrency,1,cryptocurrency,scam
https://aethv-mall.shop/,https://aethv-mall.shop/,aethv-mall.shop,scamferret_expanded_2025,online_shopping,1,online_shopping,scam
https://txexwu.com/,https://txexwu.com/,txexwu.com,scamferret_expanded_2025,cryptocurrency,1,cryptocurrency,scam
https://kapitalytics.com/,https://kapitalytics.com/,kapitalytics.com,scamferret_expanded_2025,investment,1,investment,scam
https://oceangatemarket.com/,https://oceangatemarket.com/,oceangatemarket.com,scamferret_expanded_2025,investment,1,investment,scam
https://dobibo.lol/,https://dobibo.lol/,dobibo.lol,scamferret_expanded_2025,cryptocurrency,1,cryptocurrency,scam
http://uicexdp.com/,http://uicexdp.com/,uicexdp.com,scamferret_expanded_2025,cryptocurrency,1,cryptocurrency,scam
https://uzex.com/,https://uzex.com/,uzex.com,scamferret_expanded_2025,cryptocurrency,1,cryptocurrency,scam
https://txexnb.lol/,https://txexnb.lol/,txexnb.lol,scamferret_expanded_2025,cryptocurrency,1,cryptocurrency,scam
https://staceyusry.shop/,https://staceyusry.shop/,staceyusry.shop,scamferret_expanded_2025,online_shopping,1,online_shopping,scam
https://strongcompanyps.com/tr/10901/,https://strongcompanyps.com/tr/10901/,strongcompanyps.com,scamferret_expanded_2025,investment,1,investment,scam
https://tzxex.com/,https://tzxex.com/,tzxex.com,scamferret_expanded_2025,cryptocurrency,1,cryptocurrency,scam
https://billionairesbinarytrade.com/,https://billionairesbinarytrade.com/,billionairesbinarytrade.com,scamferret_expanded_2025,investment,1,investment,scam
https://dobibo56.com/,https://dobibo56.com/,dobibo56.com,scamferret_expanded_2025,cryptocurrency,1,cryptocurrency,scam
https://bullsandbearsfx.org/,https://bullsandbearsfx.org/,bullsandbearsfx.org,scamferret_expanded_2025,investment,1,investment,scam
https://trustwealthexpectoption.com/home/,https://trustwealthexpectoption.com/home/,trustwealthexpectoption.com,scamferret_expanded_2025,investment,1,investment,scam
https://ravemine.com/,https://ravemine.com/,ravemine.com,scamferret_expanded_2025,investment,1,investment,scam
https://galeheiede.shop/,https://galeheiede.shop/,galeheiede.shop,scamferret_expanded_2025,online_shopping,1,online_shopping,scam
https://abrambueno.shop/,https://abrambueno.shop/,abrambueno.shop,scamferret_expanded_2025,online_shopping,1,online_shopping,scam
https://www.jpgfashion.com/,https://www.jpgfashion.com/,jpgfashion.com,scamferret_expanded_2025,online_shopping,1,online_shopping,scam
https://highstriketrades.com/,https://highstriketrades.com/,highstriketrades.com,scamferret_expanded_2025,investment,1,investment,scam
https://www.app.algrohaven.com/,https://www.app.algrohaven.com/,algrohaven.com,scamferret_expanded_2025,investment,1,investment,scam
https://bellacafl.com/,https://bellacafl.com/,bellacafl.com,scamferret_expanded_2025,cryptocurrency,1,cryptocurrency,scam
https://jarroddoyle.shop/,https://jarroddoyle.shop/,jarroddoyle.shop,scamferret_expanded_2025,online_shopping,1,online_shopping,scam
https://andriamurphy.shop/,https://andriamurphy.shop/,andriamurphy.shop,scamferret_expanded_2025,online_shopping,1,online_shopping,scam
https://ic-marketz.live.investorsinsight.live/,https://ic-marketz.live.investorsinsight.live/,investorsinsight.live,scamferret_expanded_2025,cryptocurrency,1,cryptocurrency,scam
https://www.sylvainblaise.shop/,https://www.sylvainblaise.shop/,sylvainblaise.shop,scamferret_expanded_2025,online_shopping,1,online_shopping,scam
https://txexss.com/h5/,https://txexss.com/h5/,txexss.com,scamferret_expanded_2025,cryptocurrency,1,cryptocurrency,scam
https://www.francplaulles.shop/,https://www.francplaulles.shop/,francplaulles.shop,scamferret_expanded_2025,online_shopping,1,online_shopping,scam
https://grokraidee.com/,https://grokraidee.com/,grokraidee.com,scamferret_expanded_2025,cryptocurrency,1,cryptocurrency,scam
https://pathlucid.icu/ZN3yCBvF,https://pathlucid.icu/ZN3yCBvF,pathlucid.icu,scamferret_expanded_2025,investment,1,investment,scam
https://txexyxh.com/,https://txexyxh.com/,txexyxh.com,scamferret_expanded_2025,cryptocurrency,1,cryptocurrency,scam
https://www.jessicakansas.shop/,https://www.jessicakansas.shop/,jessicakansas.shop,scamferret_expanded_2025,online_shopping,1,online_shopping,scam
https://www.trentday.shop/,https://www.trentday.shop/,trentday.shop,scamferret_expanded_2025,online_shopping,1,online_shopping,scam
https://joshuaharjes.shop/,https://joshuaharjes.shop/,joshuaharjes.shop,scamferret_expanded_2025,online_shopping,1,online_shopping,scam
https://secureassetstrading.com/,https://secureassetstrading.com/,secureassetstrading.com,scamferret_expanded_2025,investment,1,investment,scam
https://dsjoo.com/,https://dsjoo.com/,dsjoo.com,scamferret_expanded_2025,cryptocurrency,1,cryptocurrency,scam
https://fxmarketinvest.com/,https://fxmarketinvest.com/,fxmarketinvest.com,scamferret_expanded_2025,investment,1,investment,scam
https://kaspi.icu/ZN3yCBvF,https://kaspi.icu/ZN3yCBvF,kaspi.icu,scamferret_expanded_2025,investment,1,investment,scam
https://arcoins.live/en/,https://arcoins.live/en/,arcoins.live,scamferret_expanded_2025,investment,1,investment,scam
https://www.bjteluoyi.shop/,https://www.bjteluoyi.shop/,bjteluoyi.shop,scamferret_expanded_2025,cryptocurrency,1,cryptocurrency,scam
https://surebitasset.live/,https://surebitasset.live/,surebitasset.live,scamferret_expanded_2025,investment,1,investment,scam
https://www.t-trades.net.virtue-exchange.com/,https://www.t-trades.net.virtue-exchange.com/,virtue-exchange.com,scamferret_expanded_2025,investment,1,investment,scam
https://othellosoft.com/,https://othellosoft.com/,othellosoft.com,scamferret_expanded_2025,investment,1,investment,scam
https://dobibo1.com/,https://dobibo1.com/,dobibo1.com,scamferret_expanded_2025,cryptocurrency,1,cryptocurrency,scam
https://www.zoeforrester.shop/,https://www.zoeforrester.shop/,zoeforrester.shop,scamferret_expanded_2025,online_shopping,1,online_shopping,scam
https://www.corinnecorning.shop/,https://www.corinnecorning.shop/,corinnecorning.shop,scamferret_expanded_2025,online_shopping,1,online_shopping,scam
https://www.valerialarcinese.shop/,https://www.valerialarcinese.shop/,valerialarcinese.shop,scamferret_expanded_2025,online_shopping,1,online_shopping,scam
https://www.nicoleathanassiou.shop/,https://www.nicoleathanassiou.shop/,nicoleathanassiou.shop,scamferret_expanded_2025,online_shopping,1,online_shopping,scam
https://octanex-global.com/,https://octanex-global.com/,octanex-global.com,scamferret_expanded_2025,investment,1,investment,scam
https://pancakeswap.finance-v5-app-waliet-connect.com/online.php,https://pancakeswap.finance-v5-app-waliet-connect.com/online.php,finance-v5-app-waliet-connect.com,scamferret_expanded_2025,cryptocurrency,1,cryptocurrency,scam
https://gwenstage.shop/,https://gwenstage.shop/,gwenstage.shop,scamferret_expanded_2025,online_shopping,1,online_shopping,scam
https://jordans.com.mx/t/jordan-40,https://jordans.com.mx/t/jordan-40,jordans.com.mx,scamferret_expanded_2025,online_shopping,1,online_shopping,scam
https://codeextech.com/,https://codeextech.com/,codeextech.com,scamferret_expanded_2025,cryptocurrency,1,cryptocurrency,scam
https://www.thebaycasaleca.shop/,https://www.thebaycasaleca.shop/,thebaycasaleca.shop,scamferret_expanded_2025,online_shopping,1,online_shopping,scam
https://www.taiwoodedeyi.shop/,https://www.taiwoodedeyi.shop/,taiwoodedeyi.shop,scamferret_expanded_2025,online_shopping,1,online_shopping,scam
https://forexlot-capitalmarkets.net/,https://forexlot-capitalmarkets.net/,forexlot-capitalmarkets.net,scamferret_expanded_2025,investment,1,investment,scam
https://validatornoderefix.co/,https://validatornoderefix.co/,validatornoderefix.co,scamferret_expanded_2025,cryptocurrency,1,cryptocurrency,scam
https://www.globaldigitalearning.com/,https://www.globaldigitalearning.com/,globaldigitalearning.com,scamferret_expanded_2025,investment,1,investment,scam
https://www.chesterbooth.shop/,https://www.chesterbooth.shop/,chesterbooth.shop,scamferret_expanded_2025,online_shopping,1,online_shopping,scam
https://www.maugold.com/about-us1.html,https://www.maugold.com/about-us1.html,maugold.com,scamferret_expanded_2025,cryptocurrency,1,cryptocurrency,scam
https://trademinex.pro/,https://trademinex.pro/,trademinex.pro,scamferret_expanded_2025,investment,1,investment,scam
https://astarstrategys.com.trademasters.live/,https://astarstrategys.com.trademasters.live/,trademasters.live,scamferret_expanded_2025,investment,1,investment,scam
https://www.wischoffcapitals.com.astrallwealth.com/,https://www.wischoffcapitals.com.astrallwealth.com/,astrallwealth.com,scamferret_expanded_2025,investment,1,investment,scam
https://www.judyborovina.shop/,https://www.judyborovina.shop/,judyborovina.shop,scamferret_expanded_2025,online_shopping,1,online_shopping,scam
http://kwai12.shop/,http://kwai12.shop/,kwai12.shop,scamferret_expanded_2025,online_shopping,1,online_shopping,scam
https://statestreethub.org.reliancemortgageonline.org/,https://statestreethub.org.reliancemortgageonline.org/,reliancemortgageonline.org,scamferret_expanded_2025,investment,1,investment,scam
https://www.lallytrades.com/,https://www.lallytrades.com/,lallytrades.com,scamferret_expanded_2025,investment,1,investment,scam
https://robust-link-core.com/,https://robust-link-core.com/,robust-link-core.com,scamferret_expanded_2025,cryptocurrency,1,cryptocurrency,scam
https://grokrai5rt.com/,https://grokrai5rt.com/,grokrai5rt.com,scamferret_expanded_2025,cryptocurrency,1,cryptocurrency,scam
https://primecentraltrade.com/,https://primecentraltrade.com/,primecentraltrade.com,scamferret_expanded_2025,investment,1,investment,scam
https://uzexaq.com/,https://uzexaq.com/,uzexaq.com,scamferret_expanded_2025,cryptocurrency,1,cryptocurrency,scam
https://teresagaztelu.shop/,https://teresagaztelu.shop/,teresagaztelu.shop,scamferret_expanded_2025,online_shopping,1,online_shopping,scam
https://summittradecapital.com/,https://summittradecapital.com/,summittradecapital.com,scamferret_expanded_2025,investment,1,investment,scam
https://highlimiter.com/,https://highlimiter.com/,highlimiter.com,scamferret_expanded_2025,investment,1,investment,scam
https://geros.xyz/,https://geros.xyz/,geros.xyz,scamferret_expanded_2025,online_shopping,1,online_shopping,scam
https://pancakeswap.finance-v3-app-connect-wallets.com/online.php,https://pancakeswap.finance-v3-app-connect-wallets.com/online.php,finance-v3-app-connect-wallets.com,scamferret_expanded_2025,cryptocurrency,1,cryptocurrency,scam
https://www.coingrow.su/,https://www.coingrow.su/,coingrow.su,scamferret_expanded_2025,cryptocurrency,1,cryptocurrency,scam
https://txexynl.com/,https://txexynl.com/,txexynl.com,scamferret_expanded_2025,cryptocurrency,1,cryptocurrency,scam
https://hhhees.com/,https://hhhees.com/,hhhees.com,scamferret_expanded_2025,cryptocurrency,1,cryptocurrency,scam
https://fiduciarycredit.com/,https://fiduciarycredit.com/,fiduciarycredit.com,scamferret_expanded_2025,investment,1,investment,scam
https://noraandy.shop/,https://noraandy.shop/,noraandy.shop,scamferret_expanded_2025,online_shopping,1,online_shopping,scam
https://elitescapitalcompass.com.vehcapitals.com/,https://elitescapitalcompass.com.vehcapitals.com/,vehcapitals.com,scamferret_expanded_2025,cryptocurrency,1,cryptocurrency,scam
